FILE_NAME,FILE_LINES,AUTHOR_NAME,AUTHOR_LINES
./benchmarks/bench_rcv1_logreg_convergence.py,238,TomDLT,234
./benchmarks/bench_rcv1_logreg_convergence.py,238,Shubham Bhardwaj,4
./benchmarks/bench_tsne_mnist.py,169,Thomas Moreau,169
./benchmarks/bench_tree.py,124,Brian Holt,82
./benchmarks/bench_tree.py,124,Robert Lutz,18
./benchmarks/bench_tree.py,124,Olivier Grisel,13
./benchmarks/bench_tree.py,124,Lars Buitinck,9
./benchmarks/bench_tree.py,124,Ken Geis,2
./benchmarks/bench_plot_parallel_pairwise.py,46,Mathieu Blondel,34
./benchmarks/bench_plot_parallel_pairwise.py,46,Robert Lutz,9
./benchmarks/bench_plot_parallel_pairwise.py,46,jackmartin,2
./benchmarks/bench_plot_parallel_pairwise.py,46,Robert Layton,1
./benchmarks/bench_plot_svd.py,84,Olivier Grisel,61
./benchmarks/bench_plot_svd.py,84,Ken Geis,7
./benchmarks/bench_plot_svd.py,84,Andreas Mueller,6
./benchmarks/bench_plot_svd.py,84,Lars Buitinck,4
./benchmarks/bench_plot_svd.py,84,Loic Esteve,3
./benchmarks/bench_plot_svd.py,84,Bala Subrahmanyam Varanasi,3
./benchmarks/bench_mnist.py,180,Arnaud Joly,148
./benchmarks/bench_mnist.py,180,Glenn Qian,16
./benchmarks/bench_mnist.py,180,Olivier Grisel,4
./benchmarks/bench_mnist.py,180,Arthur Mensch,4
./benchmarks/bench_mnist.py,180,Andreas Mueller,4
./benchmarks/bench_mnist.py,180,jackmartin,2
./benchmarks/bench_mnist.py,180,TomDLT,2
./benchmarks/bench_sgd_regression.py,150,Peter Prettenhofer,63
./benchmarks/bench_sgd_regression.py,150,Robert Lutz,31
./benchmarks/bench_sgd_regression.py,150,Tom Dupré la Tour,19
./benchmarks/bench_sgd_regression.py,150,Danny Sullivan,13
./benchmarks/bench_sgd_regression.py,150,Gilles Louppe,7
./benchmarks/bench_sgd_regression.py,150,Lars Buitinck,5
./benchmarks/bench_sgd_regression.py,150,Olivier Grisel,4
./benchmarks/bench_sgd_regression.py,150,Andreas Mueller,4
./benchmarks/bench_sgd_regression.py,150,Ken Geis,3
./benchmarks/bench_sgd_regression.py,150,Robert Layton,1
./benchmarks/bench_20newsgroups.py,97,Arnaud Joly,97
./benchmarks/bench_plot_neighbors.py,185,Jake VanderPlas,151
./benchmarks/bench_plot_neighbors.py,185,Robert Lutz,24
./benchmarks/bench_plot_neighbors.py,185,Ken Geis,6
./benchmarks/bench_plot_neighbors.py,185,Olivier Grisel,4
./benchmarks/bench_isolation_forest.py,159,Nicolas Goix,65
./benchmarks/bench_isolation_forest.py,159,Harizo Rajaona,50
./benchmarks/bench_isolation_forest.py,159,Albert Thomas,26
./benchmarks/bench_isolation_forest.py,159,Alexandre Gramfort,17
./benchmarks/bench_isolation_forest.py,159,Taehoon Lee,1
./benchmarks/plot_tsne_mnist.py,30,Thomas Moreau,30
./benchmarks/.gitignore,4,Thomas Moreau,4
./benchmarks/bench_plot_nmf.py,422,Tom Dupré la Tour,393
./benchmarks/bench_plot_nmf.py,422,Vlad Niculae,19
./benchmarks/bench_plot_nmf.py,422,Jean Helie,4
./benchmarks/bench_plot_nmf.py,422,jackmartin,2
./benchmarks/bench_plot_nmf.py,422,Naoya Kanai,2
./benchmarks/bench_plot_nmf.py,422,Loic Esteve,1
./benchmarks/bench_plot_nmf.py,422,Lars Buitinck,1
./benchmarks/bench_lof.py,106,Nicolas Goix,78
./benchmarks/bench_lof.py,106,Albert Thomas,28
./benchmarks/bench_saga.py,244,Arthur Mensch,244
./benchmarks/bench_plot_ward.py,43,Gael Varoquaux,28
./benchmarks/bench_plot_ward.py,43,Robert Lutz,11
./benchmarks/bench_plot_ward.py,43,Alexandre Gramfort,2
./benchmarks/bench_plot_ward.py,43,Ken Geis,1
./benchmarks/bench_plot_ward.py,43,Bala Subrahmanyam Varanasi,1
./benchmarks/bench_plot_omp_lars.py,125,Vlad Niculae,69
./benchmarks/bench_plot_omp_lars.py,125,Alexandre Gramfort,15
./benchmarks/bench_plot_omp_lars.py,125,Robert Lutz,12
./benchmarks/bench_plot_omp_lars.py,125,Lars Buitinck,12
./benchmarks/bench_plot_omp_lars.py,125,Loic Esteve,5
./benchmarks/bench_plot_omp_lars.py,125,Ken Geis,4
./benchmarks/bench_plot_omp_lars.py,125,Olivier Grisel,3
./benchmarks/bench_plot_omp_lars.py,125,Gael Varoquaux,3
./benchmarks/bench_plot_omp_lars.py,125,Saket Choudhary,2
./benchmarks/bench_covertype.py,190,Arnaud Joly,106
./benchmarks/bench_covertype.py,190,Peter Prettenhofer,32
./benchmarks/bench_covertype.py,190,Olivier Grisel,22
./benchmarks/bench_covertype.py,190,Lars Buitinck,13
./benchmarks/bench_covertype.py,190,Bala Subrahmanyam Varanasi,6
./benchmarks/bench_covertype.py,190,jackmartin,3
./benchmarks/bench_covertype.py,190,TomDLT,3
./benchmarks/bench_covertype.py,190,Gilles Louppe,2
./benchmarks/bench_covertype.py,190,Tom Dupré la Tour,1
./benchmarks/bench_covertype.py,190,Robert Layton,1
./benchmarks/bench_covertype.py,190,Paolo Losi,1
./benchmarks/bench_glm.py,58,Fabian Pedregosa,33
./benchmarks/bench_glm.py,58,Robert Lutz,10
./benchmarks/bench_glm.py,58,Alexandre Gramfort,10
./benchmarks/bench_glm.py,58,Olivier Grisel,2
./benchmarks/bench_glm.py,58,Bala Subrahmanyam Varanasi,2
./benchmarks/bench_glm.py,58,Lars Buitinck,1
./benchmarks/bench_plot_incremental_pca.py,156,Kyle Kastner,156
./benchmarks/bench_plot_lasso_path.py,117,Olivier Grisel,90
./benchmarks/bench_plot_lasso_path.py,117,Lars Buitinck,14
./benchmarks/bench_plot_lasso_path.py,117,Ken Geis,6
./benchmarks/bench_plot_lasso_path.py,117,jackmartin,2
./benchmarks/bench_plot_lasso_path.py,117,Gilles Louppe,2
./benchmarks/bench_plot_lasso_path.py,117,Bala Subrahmanyam Varanasi,2
./benchmarks/bench_plot_lasso_path.py,117,Alexandre Gramfort,1
./benchmarks/bench_text_vectorizers.py,76,Roman Yurchak,76
./benchmarks/bench_sample_without_replacement.py,207,Arnaud Joly,203
./benchmarks/bench_sample_without_replacement.py,207,Ken Geis,3
./benchmarks/bench_sample_without_replacement.py,207,Lars Buitinck,1
./benchmarks/bench_plot_randomized_svd.py,455,Giorgio Patrini,449
./benchmarks/bench_plot_randomized_svd.py,455,Rémy Léone,3
./benchmarks/bench_plot_randomized_svd.py,455,Jean Helie,2
./benchmarks/bench_plot_randomized_svd.py,455,Shota,1
./benchmarks/bench_glmnet.py,128,Olivier Grisel,76
./benchmarks/bench_glmnet.py,128,Robert Lutz,19
./benchmarks/bench_glmnet.py,128,Gilles Louppe,18
./benchmarks/bench_glmnet.py,128,Lars Buitinck,9
./benchmarks/bench_glmnet.py,128,Ken Geis,5
./benchmarks/bench_glmnet.py,128,Bala Subrahmanyam Varanasi,1
./benchmarks/bench_plot_fastkmeans.py,140,Nelle Varoquaux,94
./benchmarks/bench_plot_fastkmeans.py,140,Lars Buitinck,27
./benchmarks/bench_plot_fastkmeans.py,140,Loic Esteve,8
./benchmarks/bench_plot_fastkmeans.py,140,Ken Geis,8
./benchmarks/bench_plot_fastkmeans.py,140,Thierry Guillemot,1
./benchmarks/bench_plot_fastkmeans.py,140,Olivier Grisel,1
./benchmarks/bench_plot_fastkmeans.py,140,Bala Subrahmanyam Varanasi,1
./benchmarks/bench_sparsify.py,105,Eustache Diemert,95
./benchmarks/bench_sparsify.py,105,Tom Dupré la Tour,5
./benchmarks/bench_sparsify.py,105,Andreas Mueller,4
./benchmarks/bench_sparsify.py,105,Lars Buitinck,1
./benchmarks/bench_multilabel_metrics.py,190,Joel Nothman,189
./benchmarks/bench_multilabel_metrics.py,190,Andreas Mueller,1
./benchmarks/bench_lasso.py,96,Alexandre Gramfort,42
./benchmarks/bench_lasso.py,96,Robert Lutz,20
./benchmarks/bench_lasso.py,96,Fabian Pedregosa,11
./benchmarks/bench_lasso.py,96,Olivier Grisel,8
./benchmarks/bench_lasso.py,96,Lars Buitinck,4
./benchmarks/bench_lasso.py,96,Ken Geis,4
./benchmarks/bench_lasso.py,96,Jake VanderPlas,4
./benchmarks/bench_lasso.py,96,Bala Subrahmanyam Varanasi,2
./benchmarks/bench_lasso.py,96,Gilles Louppe,1
./benchmarks/bench_isotonic.py,103,Andrew Tulloch,87
./benchmarks/bench_isotonic.py,103,Olivier Grisel,15
./benchmarks/bench_isotonic.py,103,seales,1
./benchmarks/bench_random_projections.py,254,Arnaud Joly,250
./benchmarks/bench_random_projections.py,254,Brooke Osborn,2
./benchmarks/bench_random_projections.py,254,Lars Buitinck,1
./benchmarks/bench_random_projections.py,254,Ken Geis,1
./conftest.py,14,Loic Esteve,14
./setup.cfg,31,Olivier Grisel,17
./setup.cfg,31,Loic Esteve,8
./setup.cfg,31,dilutedsauce,4
./setup.cfg,31,seales,1
./setup.cfg,31,Fabian Pedregosa,1
./build_tools/windows/windows_testing_downloader.ps1,270,Nelson Liu,270
./build_tools/travis/install.sh,121,Loic Esteve,36
./build_tools/travis/install.sh,121,Olivier Grisel,29
./build_tools/travis/install.sh,121,Jan Margeta,16
./build_tools/travis/install.sh,121,Siddharth Gupta,7
./build_tools/travis/install.sh,121,Thomas Moreau,5
./build_tools/travis/install.sh,121,Arthur Mensch,5
./build_tools/travis/install.sh,121,jotasi,4
./build_tools/travis/install.sh,121,Raghav RV,4
./build_tools/travis/install.sh,121,Andreas Mueller,4
./build_tools/travis/install.sh,121,Giorgio Patrini,3
./build_tools/travis/install.sh,121,Naoya Kanai,2
./build_tools/travis/install.sh,121,Matthew Brett,2
./build_tools/travis/install.sh,121,Gael Varoquaux,2
./build_tools/travis/install.sh,121,Scott Lowe,1
./build_tools/travis/install.sh,121,Rishikesh,1
./build_tools/travis/test_script.sh,70,Loic Esteve,45
./build_tools/travis/test_script.sh,70,Olivier Grisel,14
./build_tools/travis/test_script.sh,70,Siddharth Gupta,7
./build_tools/travis/test_script.sh,70,Gael Varoquaux,2
./build_tools/travis/test_script.sh,70,chkoar,1
./build_tools/travis/test_script.sh,70,Giorgio Patrini,1
./build_tools/travis/after_success.sh,19,Loic Esteve,16
./build_tools/travis/after_success.sh,19,Rishikesh,3
./build_tools/travis/flake8_diff.sh,145,Loic Esteve,134
./build_tools/travis/flake8_diff.sh,145,Joel Nothman,6
./build_tools/travis/flake8_diff.sh,145,dilutedsauce,3
./build_tools/travis/flake8_diff.sh,145,Óscar Nájera,1
./build_tools/travis/flake8_diff.sh,145,Roman Yurchak,1
./build_tools/appveyor/requirements.txt,16,Olivier Grisel,13
./build_tools/appveyor/requirements.txt,16,jotasi,1
./build_tools/appveyor/requirements.txt,16,Nihar Sheth,1
./build_tools/appveyor/requirements.txt,16,Loic Esteve,1
./build_tools/appveyor/install.ps1,229,Olivier Grisel,229
./build_tools/appveyor/run_with_env.cmd,88,Olivier Grisel,88
./build_tools/circle/push_doc.sh,53,waterponey,21
./build_tools/circle/push_doc.sh,53,Loic Esteve,18
./build_tools/circle/push_doc.sh,53,Joel Nothman,14
./build_tools/circle/checkout_merge_commit.sh,32,jakirkham,28
./build_tools/circle/checkout_merge_commit.sh,32,Joel Nothman,4
./build_tools/circle/build_doc.sh,164,Loic Esteve,88
./build_tools/circle/build_doc.sh,164,Joel Nothman,47
./build_tools/circle/build_doc.sh,164,Nelson Liu,26
./build_tools/circle/build_doc.sh,164,waterponey,2
./build_tools/circle/build_doc.sh,164,jotasi,1
./build_tools/circle/list_versions.py,103,Joel Nothman,96
./build_tools/circle/list_versions.py,103,Loic Esteve,7
./.circleci/config.yml,93,Loic Esteve,93
./doc/conftest.py,75,Loic Esteve,74
./doc/conftest.py,75,Joris Van den Bossche,1
./doc/support.rst,98,Olivier Grisel,41
./doc/support.rst,98,Fabian Pedregosa,28
./doc/support.rst,98,Gilles Louppe,12
./doc/support.rst,98,Jaques Grobler,7
./doc/support.rst,98,Joel Nothman,4
./doc/support.rst,98,Nelson Liu,2
./doc/support.rst,98,Nate George,2
./doc/support.rst,98,Nelle Varoquaux,1
./doc/support.rst,98,Lars Buitinck,1
./doc/README.md,6,James Bourbeau,3
./doc/README.md,6,Kennedy,1
./doc/README.md,6,Joel Nothman,1
./doc/README.md,6,Fabian Pedregosa,1
./doc/faq.rst,374,Andreas Mueller,90
./doc/faq.rst,374,Olivier Grisel,56
./doc/faq.rst,374,Lars Buitinck,55
./doc/faq.rst,374,Nelson Liu,49
./doc/faq.rst,374,adelr,25
./doc/faq.rst,374,halwai,22
./doc/faq.rst,374,Data1010,16
./doc/faq.rst,374,wallygauze,13
./doc/faq.rst,374,Joel Nothman,11
./doc/faq.rst,374,Hanmin Qin,10
./doc/faq.rst,374,He Chen,7
./doc/faq.rst,374,Loic Esteve,6
./doc/faq.rst,374,Vincent Pham,3
./doc/faq.rst,374,NickleDave,3
./doc/faq.rst,374,Balakumaran Manoharan,3
./doc/faq.rst,374,YenChenLin,1
./doc/faq.rst,374,Katie Luangkote,1
./doc/faq.rst,374,Gael Varoquaux,1
./doc/faq.rst,374,Arnaud Joly,1
./doc/faq.rst,374,Aidan Fitzgerald,1
./doc/themes/scikit-learn/layout.html,363,Jaques Grobler,92
./doc/themes/scikit-learn/layout.html,363,Andreas Mueller,83
./doc/themes/scikit-learn/layout.html,363,Fabian Pedregosa,49
./doc/themes/scikit-learn/layout.html,363,Gilles Louppe,48
./doc/themes/scikit-learn/layout.html,363,Nelle Varoquaux,16
./doc/themes/scikit-learn/layout.html,363,Andrew Jackson,16
./doc/themes/scikit-learn/layout.html,363,Óscar Nájera,15
./doc/themes/scikit-learn/layout.html,363,Joel Nothman,12
./doc/themes/scikit-learn/layout.html,363,Gael Varoquaux,10
./doc/themes/scikit-learn/layout.html,363,Parminder Singh,8
./doc/themes/scikit-learn/layout.html,363,Nicole Vavrova,3
./doc/themes/scikit-learn/layout.html,363,Lars Buitinck,3
./doc/themes/scikit-learn/layout.html,363,Aashil,2
./doc/themes/scikit-learn/layout.html,363,Nelson Liu,1
./doc/themes/scikit-learn/layout.html,363,Naoya Kanai,1
./doc/themes/scikit-learn/layout.html,363,Loic Esteve,1
./doc/themes/scikit-learn/layout.html,363,Hanmin Qin,1
./doc/themes/scikit-learn/layout.html,363,David Thaler,1
./doc/themes/scikit-learn/layout.html,363,Aidan Fitzgerald,1
./doc/themes/scikit-learn/theme.conf,11,Jake VanderPlas,4
./doc/themes/scikit-learn/theme.conf,11,Fabian Pedregosa,4
./doc/themes/scikit-learn/theme.conf,11,Jaques Grobler,3
./doc/themes/scikit-learn/static/ML_MAPS_README.rst,93,Jaques Grobler,91
./doc/themes/scikit-learn/static/ML_MAPS_README.rst,93,brett koonce,1
./doc/themes/scikit-learn/static/ML_MAPS_README.rst,93,YenChenLin,1
./doc/themes/scikit-learn/static/nature.css_t,1385,Fabian Pedregosa,350
./doc/themes/scikit-learn/static/nature.css_t,1385,Gilles Louppe,231
./doc/themes/scikit-learn/static/nature.css_t,1385,Jaques Grobler,203
./doc/themes/scikit-learn/static/nature.css_t,1385,Nelle Varoquaux,199
./doc/themes/scikit-learn/static/nature.css_t,1385,Gael Varoquaux,134
./doc/themes/scikit-learn/static/nature.css_t,1385,Andrew Jackson,102
./doc/themes/scikit-learn/static/nature.css_t,1385,Óscar Nájera,72
./doc/themes/scikit-learn/static/nature.css_t,1385,Andreas Mueller,40
./doc/themes/scikit-learn/static/nature.css_t,1385,Parminder Singh,26
./doc/themes/scikit-learn/static/nature.css_t,1385,Jake VanderPlas,9
./doc/themes/scikit-learn/static/nature.css_t,1385,Joel Nothman,5
./doc/themes/scikit-learn/static/nature.css_t,1385,Nelson Liu,4
./doc/themes/scikit-learn/static/nature.css_t,1385,Martin Luessi,4
./doc/themes/scikit-learn/static/nature.css_t,1385,Olivier Grisel,3
./doc/themes/scikit-learn/static/nature.css_t,1385,Joris Van den Bossche,2
./doc/themes/scikit-learn/static/nature.css_t,1385,waterponey,1
./doc/themes/scikit-learn/static/js/copybutton.js,64,Jaques Grobler,47
./doc/themes/scikit-learn/static/js/copybutton.js,64,Gael Varoquaux,17
./doc/themes/scikit-learn/static/js/bootstrap.js,2279,Andreas Mueller,2280
./doc/themes/scikit-learn/static/js/bootstrap.min.js,5,Andreas Mueller,6
./doc/themes/scikit-learn/static/js/extra.js,12,Joel Nothman,12
./doc/themes/scikit-learn/static/jquery.js,4,Naoya Kanai,4
./doc/themes/scikit-learn/static/css/bootstrap.css,6315,Andreas Mueller,6314
./doc/themes/scikit-learn/static/css/bootstrap.css,6315,seales,1
./doc/themes/scikit-learn/static/css/bootstrap-responsive.css,1109,Andreas Mueller,1109
./doc/themes/scikit-learn/static/css/bootstrap-responsive.min.css,9,Andreas Mueller,9
./doc/themes/scikit-learn/static/css/bootstrap.min.css,857,Andreas Mueller,857
./doc/themes/scikit-learn/static/jquery.maphilight.js,362,Jaques Grobler,362
./doc/themes/scikit-learn/static/jquery.maphilight.min.js,0,Jaques Grobler,1
./doc/themes/scikit-learn/static/img/scikit-learn-logo.png,84,Fichier binaire (entrée standard) correspondant,1
./doc/themes/scikit-learn/static/img/scikit-learn-logo-small.png,20,Fichier binaire (entrée standard) correspondant,1
./doc/themes/scikit-learn/static/img/scikit-learn-logo.svg,1050,Andreas Mueller,1050
./doc/themes/scikit-learn/static/img/nyu_short_color.png,34,Fichier binaire (entrée standard) correspondant,1
./doc/themes/scikit-learn/static/img/columbia.png,5,Fichier binaire (entrée standard) correspondant,1
./doc/themes/scikit-learn/static/img/glyphicons-halflings-white.png,22,Fichier binaire (entrée standard) correspondant,1
./doc/themes/scikit-learn/static/img/inria-small.png,49,Fichier binaire (entrée standard) correspondant,1
./doc/themes/scikit-learn/static/img/FNRS-logo.png,24,Fichier binaire (entrée standard) correspondant,1
./doc/themes/scikit-learn/static/img/glyphicons-halflings.png,61,Fichier binaire (entrée standard) correspondant,1
./doc/themes/scikit-learn/static/img/sloan_logo.jpg,563,Fichier binaire (entrée standard) correspondant,1
./doc/themes/scikit-learn/static/img/plot_manifold_sphere_1.png,2001,Fichier binaire (entrée standard) correspondant,1
./doc/themes/scikit-learn/static/img/sydney-stacked.jpeg,14,Fichier binaire (entrée standard) correspondant,1
./doc/themes/scikit-learn/static/img/inria-small.jpg,83,Fichier binaire (entrée standard) correspondant,1
./doc/themes/scikit-learn/static/img/telecom.png,136,Fichier binaire (entrée standard) correspondant,1
./doc/themes/scikit-learn/static/img/sydney-primary.jpeg,147,Fichier binaire (entrée standard) correspondant,1
./doc/themes/scikit-learn/static/img/forkme.png,69,Fichier binaire (entrée standard) correspondant,1
./doc/themes/scikit-learn/static/img/scikit-learn-logo-notext.png,43,Fichier binaire (entrée standard) correspondant,1
./doc/themes/scikit-learn/static/img/plot_classifier_comparison_1.png,1379,Fichier binaire (entrée standard) correspondant,1
./doc/themes/scikit-learn/static/img/google.png,28,Fichier binaire (entrée standard) correspondant,1
./doc/tutorial/statistical_inference/putting_together.rst,76,Gael Varoquaux,61
./doc/tutorial/statistical_inference/putting_together.rst,76,Óscar Nájera,5
./doc/tutorial/statistical_inference/putting_together.rst,76,Mark Veronda,4
./doc/tutorial/statistical_inference/putting_together.rst,76,Jaques Grobler,4
./doc/tutorial/statistical_inference/putting_together.rst,76,Balakumaran Manoharan,1
./doc/tutorial/statistical_inference/putting_together.rst,76,Andreas Mueller,1
./doc/tutorial/statistical_inference/finding_help.rst,32,Gael Varoquaux,20
./doc/tutorial/statistical_inference/finding_help.rst,32,Rémy Léone,5
./doc/tutorial/statistical_inference/finding_help.rst,32,Nate George,4
./doc/tutorial/statistical_inference/finding_help.rst,32,Mark Veronda,3
./doc/tutorial/statistical_inference/index.rst,37,Jaques Grobler,30
./doc/tutorial/statistical_inference/index.rst,37,Rémy Léone,3
./doc/tutorial/statistical_inference/index.rst,37,Lars Buitinck,3
./doc/tutorial/statistical_inference/index.rst,37,Gael Varoquaux,1
./doc/tutorial/statistical_inference/model_selection.rst,291,Gael Varoquaux,137
./doc/tutorial/statistical_inference/model_selection.rst,291,Raghav RV,92
./doc/tutorial/statistical_inference/model_selection.rst,291,Jaques Grobler,14
./doc/tutorial/statistical_inference/model_selection.rst,291,Lars Buitinck,8
./doc/tutorial/statistical_inference/model_selection.rst,291,Andreas Mueller,8
./doc/tutorial/statistical_inference/model_selection.rst,291,Vlad Niculae,4
./doc/tutorial/statistical_inference/model_selection.rst,291,Preston Parry,4
./doc/tutorial/statistical_inference/model_selection.rst,291,Mathieu Blondel,4
./doc/tutorial/statistical_inference/model_selection.rst,291,Aseem Bansal,4
./doc/tutorial/statistical_inference/model_selection.rst,291,Alexandre Gramfort,4
./doc/tutorial/statistical_inference/model_selection.rst,291,Óscar Nájera,3
./doc/tutorial/statistical_inference/model_selection.rst,291,Manoj Kumar,3
./doc/tutorial/statistical_inference/model_selection.rst,291,Yen,2
./doc/tutorial/statistical_inference/model_selection.rst,291,Olivier Grisel,2
./doc/tutorial/statistical_inference/model_selection.rst,291,Mark Veronda,1
./doc/tutorial/statistical_inference/model_selection.rst,291,Joel Nothman,1
./doc/tutorial/statistical_inference/unsupervised_learning.rst,326,Gael Varoquaux,198
./doc/tutorial/statistical_inference/unsupervised_learning.rst,326,Jaques Grobler,34
./doc/tutorial/statistical_inference/unsupervised_learning.rst,326,Nelson Liu,30
./doc/tutorial/statistical_inference/unsupervised_learning.rst,326,Mark Veronda,15
./doc/tutorial/statistical_inference/unsupervised_learning.rst,326,Óscar Nájera,14
./doc/tutorial/statistical_inference/unsupervised_learning.rst,326,Lars Buitinck,8
./doc/tutorial/statistical_inference/unsupervised_learning.rst,326,Nelle Varoquaux,6
./doc/tutorial/statistical_inference/unsupervised_learning.rst,326,Andreas Mueller,6
./doc/tutorial/statistical_inference/unsupervised_learning.rst,326,Julian Kuhlmann,5
./doc/tutorial/statistical_inference/unsupervised_learning.rst,326,dengemann,2
./doc/tutorial/statistical_inference/unsupervised_learning.rst,326,Denis A. Engemann,2
./doc/tutorial/statistical_inference/unsupervised_learning.rst,326,brett koonce,1
./doc/tutorial/statistical_inference/unsupervised_learning.rst,326,Rémy Léone,1
./doc/tutorial/statistical_inference/unsupervised_learning.rst,326,Olivier Grisel,1
./doc/tutorial/statistical_inference/unsupervised_learning.rst,326,Joel Nothman,1
./doc/tutorial/statistical_inference/unsupervised_learning.rst,326,Giorgio Patrini,1
./doc/tutorial/statistical_inference/unsupervised_learning.rst,326,FarahSaeed,1
./doc/tutorial/statistical_inference/settings.rst,91,Gael Varoquaux,66
./doc/tutorial/statistical_inference/settings.rst,91,Lars Buitinck,13
./doc/tutorial/statistical_inference/settings.rst,91,Robert Lutz,3
./doc/tutorial/statistical_inference/settings.rst,91,Jaques Grobler,3
./doc/tutorial/statistical_inference/settings.rst,91,Mark Veronda,2
./doc/tutorial/statistical_inference/settings.rst,91,FarahSaeed,2
./doc/tutorial/statistical_inference/settings.rst,91,Óscar Nájera,1
./doc/tutorial/statistical_inference/settings.rst,91,Andreas Mueller,1
./doc/tutorial/statistical_inference/supervised_learning.rst,575,Gael Varoquaux,300
./doc/tutorial/statistical_inference/supervised_learning.rst,575,Jaques Grobler,149
./doc/tutorial/statistical_inference/supervised_learning.rst,575,Lars Buitinck,38
./doc/tutorial/statistical_inference/supervised_learning.rst,575,Óscar Nájera,18
./doc/tutorial/statistical_inference/supervised_learning.rst,575,Mark Veronda,14
./doc/tutorial/statistical_inference/supervised_learning.rst,575,Andreas Mueller,11
./doc/tutorial/statistical_inference/supervised_learning.rst,575,Roy Hyunjin Han,10
./doc/tutorial/statistical_inference/supervised_learning.rst,575,Robert Lutz,7
./doc/tutorial/statistical_inference/supervised_learning.rst,575,Rémy Léone,6
./doc/tutorial/statistical_inference/supervised_learning.rst,575,Manoj Kumar,4
./doc/tutorial/statistical_inference/supervised_learning.rst,575,Joel Nothman,3
./doc/tutorial/statistical_inference/supervised_learning.rst,575,Chayant T15h,3
./doc/tutorial/statistical_inference/supervised_learning.rst,575,TomDLT,2
./doc/tutorial/statistical_inference/supervised_learning.rst,575,Nikolay Mayorov,2
./doc/tutorial/statistical_inference/supervised_learning.rst,575,Justin Vincent,2
./doc/tutorial/statistical_inference/supervised_learning.rst,575,akshayah3,1
./doc/tutorial/statistical_inference/supervised_learning.rst,575,YenChenLin,1
./doc/tutorial/statistical_inference/supervised_learning.rst,575,Jake VanderPlas,1
./doc/tutorial/statistical_inference/supervised_learning.rst,575,Inki Hwang,1
./doc/tutorial/statistical_inference/supervised_learning.rst,575,Dickson,1
./doc/tutorial/statistical_inference/supervised_learning.rst,575,Aseem Bansal,1
./doc/tutorial/text_analytics/data/movie_reviews/fetch_data.py,30,Olivier Grisel,25
./doc/tutorial/text_analytics/data/movie_reviews/fetch_data.py,30,SmedbergM,5
./doc/tutorial/text_analytics/data/twenty_newsgroups/fetch_data.py,31,Olivier Grisel,26
./doc/tutorial/text_analytics/data/twenty_newsgroups/fetch_data.py,31,SmedbergM,5
./doc/tutorial/text_analytics/data/languages/fetch_data.py,106,Olivier Grisel,98
./doc/tutorial/text_analytics/data/languages/fetch_data.py,106,SmedbergM,5
./doc/tutorial/text_analytics/data/languages/fetch_data.py,106,Jaques Grobler,2
./doc/tutorial/text_analytics/data/languages/fetch_data.py,106,Rémy Léone,1
./doc/tutorial/text_analytics/.gitignore,25,Olivier Grisel,25
./doc/tutorial/text_analytics/skeletons/exercise_01_language_train_model.py,62,Olivier Grisel,53
./doc/tutorial/text_analytics/skeletons/exercise_01_language_train_model.py,62,Robert Lutz,3
./doc/tutorial/text_analytics/skeletons/exercise_01_language_train_model.py,62,Lars Buitinck,3
./doc/tutorial/text_analytics/skeletons/exercise_01_language_train_model.py,62,YenChenLin,1
./doc/tutorial/text_analytics/skeletons/exercise_01_language_train_model.py,62,Raghav RV,1
./doc/tutorial/text_analytics/skeletons/exercise_01_language_train_model.py,62,Jaques Grobler,1
./doc/tutorial/text_analytics/skeletons/exercise_02_sentiment.py,63,Olivier Grisel,58
./doc/tutorial/text_analytics/skeletons/exercise_02_sentiment.py,63,Lars Buitinck,3
./doc/tutorial/text_analytics/skeletons/exercise_02_sentiment.py,63,Raghav RV,2
./doc/tutorial/text_analytics/solutions/generate_skeletons.py,38,Olivier Grisel,38
./doc/tutorial/text_analytics/solutions/exercise_01_language_train_model.py,70,Olivier Grisel,60
./doc/tutorial/text_analytics/solutions/exercise_01_language_train_model.py,70,Robert Lutz,3
./doc/tutorial/text_analytics/solutions/exercise_01_language_train_model.py,70,Lars Buitinck,3
./doc/tutorial/text_analytics/solutions/exercise_01_language_train_model.py,70,syonekura,1
./doc/tutorial/text_analytics/solutions/exercise_01_language_train_model.py,70,YenChenLin,1
./doc/tutorial/text_analytics/solutions/exercise_01_language_train_model.py,70,Raghav RV,1
./doc/tutorial/text_analytics/solutions/exercise_01_language_train_model.py,70,Jaques Grobler,1
./doc/tutorial/text_analytics/solutions/exercise_02_sentiment.py,79,Olivier Grisel,66
./doc/tutorial/text_analytics/solutions/exercise_02_sentiment.py,79,Raghav RV,10
./doc/tutorial/text_analytics/solutions/exercise_02_sentiment.py,79,Lars Buitinck,3
./doc/tutorial/text_analytics/working_with_text_data.rst,572,Olivier Grisel,226
./doc/tutorial/text_analytics/working_with_text_data.rst,572,Jaques Grobler,170
./doc/tutorial/text_analytics/working_with_text_data.rst,572,Lars Buitinck,90
./doc/tutorial/text_analytics/working_with_text_data.rst,572,Tommy,44
./doc/tutorial/text_analytics/working_with_text_data.rst,572,Andreas Mueller,11
./doc/tutorial/text_analytics/working_with_text_data.rst,572,Raghav RV,9
./doc/tutorial/text_analytics/working_with_text_data.rst,572,seanpwilliams,4
./doc/tutorial/text_analytics/working_with_text_data.rst,572,ugurthemaster,3
./doc/tutorial/text_analytics/working_with_text_data.rst,572,Rohan Jain,3
./doc/tutorial/text_analytics/working_with_text_data.rst,572,Óscar Nájera,2
./doc/tutorial/text_analytics/working_with_text_data.rst,572,Tom Dupré la Tour,2
./doc/tutorial/text_analytics/working_with_text_data.rst,572,brett koonce,1
./doc/tutorial/text_analytics/working_with_text_data.rst,572,Yoshiki Vázquez Baeza,1
./doc/tutorial/text_analytics/working_with_text_data.rst,572,YenChenLin,1
./doc/tutorial/text_analytics/working_with_text_data.rst,572,Rémy Léone,1
./doc/tutorial/text_analytics/working_with_text_data.rst,572,Ronan Amicel,1
./doc/tutorial/text_analytics/working_with_text_data.rst,572,Randall Mason,1
./doc/tutorial/text_analytics/working_with_text_data.rst,572,Loic Esteve,1
./doc/tutorial/text_analytics/working_with_text_data.rst,572,Aaron Schumacher,1
./doc/tutorial/machine_learning_map/pyparsing.py,5721,cclauss,3603
./doc/tutorial/machine_learning_map/pyparsing.py,5721,Jaques Grobler,2118
./doc/tutorial/machine_learning_map/svg2imagemap.py,92,Jaques Grobler,88
./doc/tutorial/machine_learning_map/svg2imagemap.py,92,cclauss,3
./doc/tutorial/machine_learning_map/svg2imagemap.py,92,Taehoon Lee,1
./doc/tutorial/machine_learning_map/ML_MAPS_README.txt,93,Jaques Grobler,92
./doc/tutorial/machine_learning_map/ML_MAPS_README.txt,93,YenChenLin,1
./doc/tutorial/machine_learning_map/index.rst,114,Jaques Grobler,113
./doc/tutorial/machine_learning_map/index.rst,114,pestrickland,1
./doc/tutorial/machine_learning_map/parse_path.py,193,Jaques Grobler,162
./doc/tutorial/machine_learning_map/parse_path.py,193,cclauss,30
./doc/tutorial/machine_learning_map/parse_path.py,193,seales,1
