NAME,HAS_RESEARCHER_EMAIL,HAS_PUBLICATION
bergstrj@iro.umontreal.ca,True,False
olivier@olivier-desktop,False,False
Olivier Breuleux,True,False
james@mackie,False,False
turian@grenat.iro.umontreal.ca,True,False
Joseph Turian,True,True
turian@rubis.iro.umontreal.ca,True,False
turian@lsvm.iro.umontreal.ca,True,False
James Bergstra,True,True
Yoshua Bengio,True,True
Frederic Bastien,True,True
Thierry Bertin-Mahieux,True,True
Pascal Lamblin,True,True
projects@lgcm,False,False
james@crane,False,False
bergstrj@lgcm,False,False
Olivier Delalleau,True,True
delallea@valhalla.apstat.com,False,False
desjagui@atchoum.iro.umontreal.ca,True,False
turianjo@is23.m,False,False
james@X40,False,False
bergstra@mlp4.ais.sandbox,False,False
bengioy@bengio-mac.local,False,False
lamblinp@lgcm,False,False
glorotxa@timide.iro.umontreal.ca,True,False
turian@lgcm,False,False
desjagui@opale.iro.umontreal.ca,True,False
bergstra@ip05.m,False,False
olivier@ordinateur-de-olivier.local,False,False
bergstra@tikuanyin,False,False
Laboratoire d'Informatique des Systemes Adaptatifs,True,False
dumitru@deepnets.mtv.corp.google.com,False,False
eckdoug@waits.local,False,False
Douglas Eck,False,True
eckdoug@localhost,False,False
Philippe Hamel,False,True
pascanur@simplet.iro.umontreal.ca,True,False
Pierre-Antoine Manzagol,False,True
Razvan Pascanu,False,True
Dumitru Erhan,False,True
rman@rpad,False,False
gdesjardins,False,False
Arnaud Bergeron,False,True
fsavard,False,False
Simon Lemieux,False,True
Michael I Mandel,True,True
David Warde-Farley,True,True
David Warde Farley,True,True
erhandum@bikat.iro.umontreal.ca,True,False
Ian Goodfellow,False,True
Frédéric Bastien,False,True
james@x40.unstable,False,False
Xavier Glorot,True,True
Josh Bleecher Snyder,False,False
bastienf@bikat.iro.umontreal.ca,True,False
desjagui,False,False
test_rng_mrg.py,False,False
bastienf@ldapk3.scinet.utoronto.ca,False,False
boulanni,False,False
chandiar,False,False
tutorial/debug_faq.txt,False,False
Firstname Lastname,False,False
Frederic,False,False
delallea,True,False
nouiz,False,False
goodfeli,False,False
Jason Yosinski,True,True
Nouiz,False,False
Graham Taylor,False,True
Guillaume Desjardins,False,True
Yann N. Dauphin,False,True
Philippe  Hamel,False,True
Li Yao,True,True
Matthew Rocklin,False,True
glorotxa,True,False
Sebastian Urban,True,True
Valentin Bisson,True,False
Justin Bayer,False,True
Sander Dieleman,False,True
onze,False,False
lamblin,True,False
Eric Laufer,True,True
benanne,False,False
Grégoire,False,False
Hani,False,False
HaniAlmousli,False,False
Nicolas Pinto,True,True
Nicolas Bouchard,False,False
Eric Larsen,False,True
John Salvatier,False,True
jsalvatier,False,False
Ilan Schnell,False,False
abergeron,True,False
Gabe Schwartz,False,True
Steven Pigeon,True,True
steven-pigeon,True,False
Jeremiah Lowin,False,False
Jey Kottalam,True,False
Caglar,False,False
abalkin,True,False
Alexander Belopolsky,True,False
Rami Al-Rfou,False,True
Amir Elaguizy,False,False
Vivek Kulkarni,True,True
Rami Al-Rfou',False,True
hunse,False,False
Mehdi Mirza,False,True
john salvatier,False,True
f0k,True,False
Sina Honari,True,True
kuantkid,False,False
Ben McCann,False,False
Bogdan Budescu,False,True
SinaHonari,False,False
Hannes Schulz,True,True
seberg,False,False
Robert Kern,False,True
Yaroslav Halchenko,False,True
Ethan Buchman,True,True
ebuchman,True,False
XterNalz,False,False
Ludwig Schmidt-Hackenberg,True,False
Micky Latowicki,False,False
Ilya Dyachenko,False,False
Jörg Bornschein,False,True
Joerg Bornschein,True,True
Frans Cronje,False,False
huyng,False,False
bbudescu,False,False
John Schulman,False,True
Sigurd Spieckermann,False,True
Vincent Dumoulin,False,True
Misha Denil,False,True
vdumoulin,False,False
joschu,False,False
Matthew Koichi Grimes,True,False
Marc-Alexandre Cote,False,True
Pierre Luc Carrier,True,False
Xavier Bouthillier/,False,True
AlOa,False,False
Markus Roth,False,True
rizar,False,False
Laurent Dinh,False,True
Nicholas Leonard,False,True
Bart,False,False
Roy Xue,False,False
Hei,False,False
Dustin Webb,False,True
Bart van Merrienboer,False,True
Robert McGibbon,False,True
Hengjean,False,False
Jonathan J Hunt,False,True
Guillaume Alain,False,True
Bart van Merriënboer,False,True
Alassane Ndiaye,True,False
Tanjay94,False,False
ChienliMa,False,False
Tim Head,False,True
Jeremie Tanguay,True,False
Matthew Trentacoste,False,True
Li,False,False
rahul003,False,False
Arjun Jain,False,True
Zach Ploskey,False,True
Shai,False,False
Sergey Matyunin,False,True
Nicolas Ballas,False,True
ziyuang,False,False
Marco De Nadai,True,True
Mathieu Germain,True,True
Yaroslav Bulatov,False,True
pl,False,False
Geoffrey French [UEA],True,False
Amjad Almahairi,False,True
sebastien-j,True,False
carriepl,False,False
Paul Christiano,False,True
Lee Zamparo,False,False
Kcub,True,False
Madison May,False,True
serdyuk,False,False
Lucas Beyer,False,True
Kelvin Xu,True,True
Iulian Vlad Serban,True,True
Martin Andrews,False,True
cocu,False,False
jiakai,False,False
ASalvail,False,False
Karen Ullrich,False,True
Mohammad Pezeshki,True,True
Jonas Degrave,False,True
sebastien,True,False
Daniel Maturana,True,True
Martin Thoma,False,True
dima,False,False
Mike C. Fletcher,False,False
Chienli Ma(马千里),False,False
sergii-gavrylov,False,False
lucasb-eyer,False,False
Colin Raffel,False,True
Jan Chorowski,False,True
Kyle Meyer,False,True
yaoli,False,False
Saizheng Zhang,False,True
reyoung,False,False
bbabeshkin,False,False
Kyung Hyun Cho,False,True
Kyunghyun Cho,True,True
Diogo Moitinho de Almeida,False,False
AlexLamb,False,False
FanZiye(t13m),False,False
Thomas Mesnard,True,True
Marc-Antoine Rondeau,False,True
rolf,False,False
Christof Angermueller,False,True
DeathMonster666,False,False
Lijun Xue,False,False
Benni,False,False
Ying Zhang,False,True
Jonathan Ho,False,True
--global,False,False
John Zedlewski,False,False
Cory Lorenz,False,False
Seon-Wook Park,False,False
Étienne Simon,True,True
Xavier Bouthillier,True,True
orhanf,True,False
Cesar Laurent,False,False
hantek,False,False
TimSalimans,False,False
dan,False,False
Gijs van Tulder,False,True
Jakob Lombacher,False,True
Melanie Ducoffe,True,False
Anatoly Belikov,False,False
Dario Garcia,False,True
=,True,False
briancheung,False,False
Ziye Fan,False,False
Markus Beissinger,False,False
Brian Cheung,False,True
Iban Harlouchet,True,False
Marius Killinger,False,False
Harm de Vries,False,True
Michael Eickenberg,False,False
Daniel Renshaw,False,True
Vik Kamath,False,False
kelvinxu,False,False
Stefan Krastanov,False,True
JesseLivezey,False,False
Jesse Livezey,True,True
Matthew Willson,False,True
Julien Demouth,False,False
A. Flaxman,True,True
Albert Zeyer,False,True
Jan Schlüter,True,True
Michael Opitz,False,True
Christophe Van Gysel,True,True
Paul Hollensen,False,False
Claude Coulombe,False,False
ivdorelian,False,False
AdeB,False,False
Alexandre de Brebisson,False,False
Tim Cooijmans,False,True
John Arevalo,False,True
Andy Jiang,False,False
Sean Lee,False,True
Kashif Rasul,False,True
vesis84,False,False
Kaixhin,False,False
Doug,False,False
eulerreich,False,False
jan-matthis,True,False
Piotr Frankowski,False,False
Julien Rebetez,True,False
Sirisha Rambhatla,True,False
scottsievert,True,False
mronian,False,False
wuaalb,False,False
jotterbach,False,False
Moslem Kazemi,False,True
Mo,False,False
peterjsadowski,False,False
Yi-Lin Juang,False,True
Francesco Visin,False,True
Samira Shabanian,False,True
Rémy Léone,False,True
Yurii Shevchuk,False,True
Andrea,False,False
Ramana.S,False,False
joncrall,False,False
fvisin,False,False
Andre Holzner,True,False
gw0 [http://gw.tnode.com/],False,False
Wei Ouyang,False,True
Balázs Hidasi,False,True
Balázs,False,False
Liang-Chi Hsieh,False,True
Mikhail Korobov,False,True
Sergei Lebedev,False,True
Zach Dwiel,False,False
dmitriy-serdyuk,False,False
jojolalpin,False,False
Saatvik Shah,False,False
Francesco,False,False
Joao Felipe Santos,False,True
Clay McLeod,False,False
skaae,False,False
Matthias Kümmerer,False,True
Vincent Michalski,True,True
andreh,False,False
Ben Poole,False,True
Prayag Verma,False,False
Saxenauts,False,False
memimo,False,False
Jakub Sygnowski,False,True
Anish Shah,False,True
Martin Arjovsky,False,True
sentient07,False,False
Matt Graham,False,True
Olivier Mastropietro,False,False
Taesup (TS) Kim,True,False
Peng Liu,False,True
Chiheb Trabelsi,False,True
Chinnadhurai Sankar,True,True
Adithya Ganesh,False,True
theaverageguy,True,False
Wojciech Głogowski,True,False
cai-lw,False,False
Gokula Krishnan,False,True
Carl Thomé,False,True
Mang Wang,True,True
Gilles Louppe,True,False
Kevin Keraudren,False,True
yobibyte,False,False
texot,False,False
Marco,False,False
slefrancois,True,False
Fábio Perez,False,True
Faruk Ahmed,True,True
Bhavishya Pohani,False,False
Samira Ebrahimi Kahou,True,True
Christos Tsirigotis,False,False
p,False,False
Kirill Bobyrev,False,False
Marius F. Killinger,True,False
you-n-g,False,False
Ilya Kulikov,False,True
Rizky Luthfianto,False,False
root,False,False
mockingjamie,False,False
fay,False,False
Ramana Subramanyam,False,True
Nan Rosemary Ke,True,True
tillahoffmann,True,False
Simon Lefrancois,True,True
Sebastin Santy,False,True
Nizar Assaf,False,False
Maltimore,False,False
Kumar Krishna Agrawal,False,False
Ciyong Chen,False,False
theano-bot,True,False
Morgan Stuart,False,True
Huan Zhang,True,True
ruslanagit,True,False
nke001,False,False
Ozan Çağlayan,False,True
hexahedria,False,False
RadhikaG,False,False
Bryn Keller,False,False
Neil,False,False
César Laurent,False,False
evelynmitchell,False,False
Shawn Tan,False,True
ballasn,False,False
genichyar,False,False
Benjamin Scellier,True,False
Anton Chechetka,False,False
Rithesh Kumar,False,True
superantichrist,False,False
Robin Millette,False,False
Roman Ring,False,False
jakirkham,False,False
Rasmi,False,False
medakk,False,False
notoraptor,False,False
Alexandre de Brébisson,False,False
hsintone,False,False
Greg Ciccarelli,True,True
Alexander Matyasko,False,False
Reyhane Askari,False,False
kvmanohar22,False,False
Tim Gasper,False,False
Maxim Kochurov,False,False
Andrés Gottlieb,False,True
Thomas George,False,True
chinnadhurai,False,False
Zhouhan LIN,False,True
khaotik,False,False
Yaroslav Ganin,False,True
Ray Donnelly,False,False
Fei Zhan,False,True
happygds,True,False
Gokul,False,False
Yang Zhang,False,True
He,False,False
Wazeer Zulfikar,False,False
affanv14,False,False
wazeerzulfikar,False,False
Mohamed Ishmael Diwan Belghazi,False,False
bscellier,False,False
Dimitar Dimitrov,False,True
Fuchai,False,False
valtron,False,False
Rebecca N. Palmer,False,False
David Bau,False,True
João Victor Tozatti Risso,False,False
Tegan Maharaj,True,True
Michael Harradon,False,False
Micah Bojrab,False,False
Florian Bordes,True,True
Martin Drawitsch,False,False
Aarni Koskela,False,False
Vikram,False,False
amrithasuresh,False,False
Shubh Vachher,False,False
Jeff Donahue,False,True
Jayanth Koushik,True,True
Lilian Besson,False,True
Adam Geitgey,False,False
fo40225,False,False
Joseph Paul Cohen,True,True
Michael Manukyan,False,False
Andrei Costinescu,False,False
Anmol Sahoo,False,False
Adrian Seyboldt,False,False
Holger Kohr,True,False
morrme,False,False
Aleksandar Botev,False,True
lrast,False,False
mila,True,False
botev,False,False
Lv Tao,False,True
xiaoqie,False,False
Murugesh Marvel,False,False
naitonium,False,False
NALEPA,False,False
Adrian Keet,False,False
Mohammed Affan,False,True
Ubuntu,False,False
Seton Steven Bocco,True,False
Nan Jiang,False,True
Adam Becker,False,True
Chong Wu,True,True
erakra,False,False
jhelie,False,False
vipulraheja,False,False
Juan Camilo Gamboa Higuera,False,True
Ghislain Antony Vaillant,False,False
João Victor Risso,False,False
Jenkins,True,False
AndroidCloud,False,False
Zotov Yuriy,False,False
affan,False,False
Daren Eiri,False,True
dareneiri,False,False
yikang,False,False
Boris Fomitchev,False,False
wyjw,False,False
Yikang Shen,False,True
AndreiCostinescu,False,False
Faruk-Ahmed,False,False
mrTsjolder,False,False
Sam Johnson,False,True
Jon Haygood,False,False
Edward Betts,False,False
Stefan van der Walt,True,True
nich2o,False,False
Gary Ruben,False,True
Ralf Gommers,False,True
sccolbert,False,False
Holger Rapp,False,True
Damian Eads,False,True
Tony,True,False
Zachary Pincus,False,True
Emmanuelle Gouillart,True,True
James Turner,True,True
Luis Pedro Coelho,False,True
Thouis (Ray) Jones,False,True
Dan Farmer,False,True
Pieter Holtzhausen,False,False
Zach Pincus,False,True
Tony S Yu,False,False
Martin Bergtholdt,False,False
Kyle Mandli,False,True
Gael varoquaux,True,True
Brian Holt,True,True
andy,False,False
Andreas Mueller,True,True
emmanuelle,True,False
Riaan van den Dool,False,False
cgohlke,True,False
Neil Yager,False,True
Nelle Varoquaux,False,True
tonysyu,False,False
zachrahan,False,False
Warren Weckesser,False,False
K.-Michael Aye,False,True
Nicolas Poilvert,False,False
Vincent Albufera,False,False
David Cournapeau,False,True
Johannes Schönberger,False,True
tangofoxtrotmike,False,False
wilsaj,False,False
Matt McCormick,False,True
Jonathan J. Helmus,False,True
Juan Nunez-Iglesias,True,True
Leon Tietz,True,False
Dharhas Pothina,False,True
Johannes Schönberger,False,True
Jonathan Helmus,False,True
Steven Silvester,False,True
Tomas Kazmar,False,True
Pavel Campr,False,True
pcampr,False,False
Andreas Wuerl,False,False
Marianne,False,False
Marianne Corvellec,False,False
JDWarner,True,False
Tim Sheerman-Chase,True,True
odebeir,True,False
Olivier Debeir,True,True
Paul Ivanov,False,True
Josh Warner (Mac),True,False
Sergey Karayev,False,True
Christos Psaltis,False,False
Anders Boesen Lindbo Larsen,False,True
Adam Ginsburg,False,True
François Boulogne,False,True
Colin Lea,False,True
Christoph Gohlke,True,False
spotter,False,False
Jan Margeta,False,True
Xavier Moles Lopez,False,True
Malcolm Reynolds,False,True
Almar,False,False
yangzetian,False,False
Chris Beaumont,True,True
Umesh,False,False
Josh Warner,False,False
umesh,False,False
Chintak Sheth,False,True
Ankit Agrawal,True,True
Jostein Bø Fløystad,True,False
Alexis Mignon,False,True
Julian Taylor,False,True
Horea Christian,False,True
Davin Potts,False,True
Adam Wisniewski,False,True
Ferdinand Deger,False,True
sg,False,False
Matt Terry,False,True
Kirill Shklovsky,False,False
radioxoma,False,False
Kemal Eren,True,True
Michael Hansen,False,True
Gregor Thalhammer,False,True
Thomas Robitaille,False,True
Raphael Ackermann,False,False
François Orieux,False,True
Christoph Deil,False,False
Almar Klein,False,False
Guillem Palou,False,True
Guillem Palou Visa,False,False
Jaidev Deshpande,False,False
Michal Romaniuk,True,False
Jeremy Metz,False,True
blink1073,False,False
Vighnesh Birodkar,True,False
jaimefrio,False,False
Neeraj Gangwar,False,True
Siva Prasad Varma,False,True
Rishabh Raj,False,False
Pietro Berkes,False,True
Johannes L. Schönberger,False,True
sharky93,False,False
Tabish,True,False
Maximilian Albert,False,True
Kevin Murray,False,True
Charles Harris,False,True
Nelson Brown,False,True
Alexey Buzmakov,False,True
Fedor Baart,False,True
Adam Feuer,False,False
capitanbatata,False,False
Pablo Márquez Neila,False,False
Julien Coste,True,True
Phil Elson,False,False
Rebecca,False,False
Stuart Mumford,False,True
Geoffrey French,False,True
Jasper St. Pierre,False,False
Gregory R. Lee,False,True
Gregory Lee,False,True
SemiColon Warrier,False,False
Alexey Umnov,False,True
Pratap Vardhan,False,True
Matěj Týč,False,False
Ivana Kajić,False,True
arve0,False,False
Jacopo,False,False
salvatore,False,False
Phil Schaf,False,False
kpk09,True,False
Michael Sarahan,False,True
Tim Seifert,False,False
Antony Lee,False,True
Andrew Mark,False,True
Eric Dill,False,True
Matthew Brett,False,True
Gustav Larsson,False,True
hawkerpl,False,False
Eric,True,False
Daniel Wennberg,False,False
Joel Frederico,False,False
Blake Griffith,False,False
bennlich,False,False
Ömer Özak,False,True
Lee Kamentsky,False,False
Dhruv Jawali,False,False
Korijn van Golen,False,False
Ivo Flipse,False,False
Christian Sachs,False,False
Daichi SUZUO,False,True
Leena P,False,False
David Koeller,False,True
michaelpacer,False,False
cgilon,False,False
Robin Wilson,False,True
Arnaud De Bruecker,False,False
Nicolas Rougier,True,False
John Wiggins,False,False
Julius Bier Kirekgaard,True,True
tv,False,False
Olivia,False,False
David PS,False,True
oew1v07,False,False
Connelly Barnes,False,True
martin,False,False
Charles,False,False
Joshua Warner,False,False
Olivia Wilson,False,False
sumitbinnani,False,False
Victor Escorcia,False,True
JGoutin,False,False
Guillaume Lemaitre,True,True
Noah Trebesch,False,True
stevendbrown,False,False
Julius Bier Kirkegaard,True,True
Kshitij Saraogi,False,False
ivoflipse,False,False
Gael Varoquaux,True,True
Charles Deledalle,False,True
Alexandre Fioravante de Siqueira,False,True
arokem,True,False
Egor Panfilov,False,False
Egor,False,False
Sergio Pascual,False,True
Himanshu Mishra,False,True
Panfilov Egor,False,False
Endolith,False,False
endolith,False,False
Evgeni Burovski,False,True
Salvatore Scaramuzzino,False,True
Shaun Singh,True,True
Pradyumna Narayana,False,True
Rodrigo Benenson,False,True
Orion Poplawski,False,False
Alex Izvorski,False,False
jwittenbach,False,False
walter,False,False
Gianfranco Costamagna,False,False
Noah Stier,False,False
Martin Zackrisson,False,True
Jeff Hemmelgarn,False,False
Hiyorimi,False,False
mljli,False,False
AbdealiJK,False,False
Rachel Finck,False,True
Scott Sievert,False,True
Todd V. Rovito,False,False
Samuel St-Jean,False,True
Kyle Jackson,False,True
almar,False,False
Moriyoshi Koizumi,False,False
Daniel Hyams,False,False
cespenel,False,False
rjeli,False,False
eli,False,False
Paul,False,False
Michael Mueller,False,True
Victor MARTIN,False,True
skrish13,False,False
PengchengAi,False,False
Lachlan,False,False
LachlanD,False,False
JohnnyTeutonic,False,False
Yue Zheng,True,True
Yu Kobayashi,False,False
Ben Longo,True,True
tseclaudia,True,False
Jiri Borovec,False,True
Jirka,False,False
Pavel Shevchuk,False,False
Sourav Singh,False,True
David Haberthür,False,True
Jeyson Molina,False,False
Ole Streicher,False,True
Joe Futrelle,False,False
Oliver Mader,False,False
Ken'ichi Matsui,False,False
dmesejo,False,False
Pavlin Poličar,False,False
Sarwat Fatima,False,False
Francisco de la Peña,False,True
alexandrejaguar,False,False
Anshita Gupta,False,True
Viraj,False,False
Jirka Borovec,False,True
Evan Limanto,False,False
Zoe Richards,False,True
Jeroen Van Goey,False,False
Nick Zoghb,True,False
danielballan,False,False
George Laurent,False,True
lgeorge,False,False
Sanya,False,False
Roman Golovanov,False,False
Kesavan PS,False,False
Michael Droettboom,False,False
Kesavan Subburam,False,False
GGoussar,True,False
Brad Bazemore,True,False
RoseZhao,True,False
Justin Pinkney,False,True
Nethanel Elzas,False,False
"Chiang, Yi-Yo@home",True,False
timhok,False,False
Robert Bradshaw,False,True
Jens Glaser,True,True
Floris van Breugel,False,True
Kira,False,False
Theodore Lindsay,False,True
Arka Sadhu,False,False
Vinicius Monego,False,False
monego,False,False
David Völgyes,False,True
Jarrod Millman,False,True
leaprovenzano,False,False
Émile Robitaille,False,False
Sera Yang,True,False
goldsborough,False,False
Robert Pollak,False,True
mrastgoo,False,False
pmneila,False,False
Scott Heatwole,False,False
zhongzyd,False,False
Kira Evans,False,False
corrado9999,False,False
Alex Chum,False,False
Max Schambach,True,False
Scott Warchal,True,True
David Volgyes,False,True
Larry Bradley,False,True
Ben Hadfield,False,False
Yannick Copin,False,True
mikigom,True,False
Leonid Bloch,False,False
blochl,False,False
nrweir,False,False
Saurav R. Tuladhar,False,True
Oleksandr Pavlyk,False,False
Alvin,False,False
Matt Swain,False,True
Justin S Bayer,False,False
Tom Schaul,False,True
Julian Togelius,False,True
Thomas Rückstieß,False,False
Frank Sehnke,True,True
Christian Osendorfer,False,True
Martin Felder,False,False
Daan Wierstra,False,False
Michael Isik,True,False
Sun Yi,False,True
schaul,False,False
Tom Schaul - IDSIA,False,False
Thomas Rueckstiess,False,True
Michele Orrù,False,False
Daniel,False,False
unknown,False,False
kortschak,True,False
Trevor Bekolay,False,True
graingert,False,False
Davoud Taghawi-Nejad,False,True
Steffen Kampmann,False,False
CJ Carey,False,True
Sun Junyi,False,False
Andrew Chase,False,True
Johannes Bjerva,False,True
Ian Danforth,False,True
Patrick,False,False
PatrickHunter,False,False
Christopher Dembia,True,True
Graham Percival,False,True
Daniel Andres,False,True
Werner Beroux,False,True
adrinjalali,False,False
Jack Kelly (aka Daniel),False,False
SBretz,True,False
Shane Bretz,True,False
Andrea Canciani,False,False
littledroplet,False,False
Nihn,False,False
Ben Goodrich,False,False
AshleyChen,True,False
Theodor Nolte,False,False
Lennart Wagner,False,False
Ryan Lambert,False,False
Chandramouli Soorian,False,False
Agam Agarwal,False,False
Hank Ditton,False,False
Thomas Meng,False,True
Matthew Prestifilippo,False,False
Denis Mishankov,False,False
fchollet,False,False
Corentin Smith,False,False
Francois,False,False
vasili-zolotov,False,False
Miroslav Batchkarov,True,True
Vinh Khuc,False,False
nagadomi,False,False
collion,False,False
aleju,False,False
Pat York,True,True
Thomas Unterthiner,False,True
João Felipe Santos,False,True
David Krueger,False,True
Michael Oliver,False,True
Pranav Shyam,False,True
skrypka,False,False
mizdler,False,False
seiteta,False,False
Moto H,False,True
François Chollet,False,True
lukedeo,False,False
Wei Li,False,True
floydsoft,False,False
Dan Becker,False,True
enizhibitsky,False,False
Alvaro Ulloa,False,True
Jason Ramapuram,True,True
Stephen Roller,True,True
Roman Prokofyev,False,True
Simon Suster,False,True
Kilian Evang,False,True
strategist333,False,False
Victor Zhong,False,True
Thomas McColgan,False,True
John Wittenauer,False,False
Tristan Deleu,False,False
Philipp,False,False
Xavier Snelgrove,True,True
Alex Rubinsteyn,False,True
Tennessee Leeuwenburg,False,True
Amit Beka,False,False
Stephen Merity,True,True
Dougal Matthews,False,False
pdermyer,False,False
Leon Chen,False,True
stonebig,False,False
Alexander Measure,False,True
samuela,True,False
Kheir Eddine FARFAR,False,True
Max Pumperla,False,False
KyotoSunshine,False,False
Mike Kestemont,False,True
cmyr,False,False
Pablo Jadzinsky,False,False
Ken Terao,False,True
anayebi,True,False
Micha Gorelick,False,False
Tim O'Shea,False,True
Erfan Noury,False,True
Thomas Kipf,False,True
EderSantana,False,False
Zhen Wang,True,True
Tom White,False,True
Renbi.YU,False,False
bshickel,True,False
Cheng Guo,False,True
Adam Wentz,False,False
forsythd,True,False
JasonTam,False,False
Jeremy Heffner,False,False
Francois Chollet,False,True
jnphilipp,True,False
Anjishnu Kumar,False,True
Moritz Münst,False,False
graham,False,False
Jack Hessel,True,True
Nicholas Dronen,False,True
farizrahman4u,False,False
Makoto Matsuyama,False,False
Xiao Yang,False,True
Benjamin Wild,True,True
Stephen A. Balaban,False,False
Xingdi (Eric) Yuan,True,False
Haizhou Qu,False,False
Ryuichi YAMAMOTO,False,True
Xsh Disney,False,False
Mikael Rousson,False,True
alvations,False,False
nick_artin,False,False
Fariz Rahman,False,True
Eder Santana,False,True
Pesan Jan,True,False
jpeg729,False,False
LeavesBreathe,False,False
rushter,False,False
Daniele Bonadiman,False,True
Lior Magen,False,False
nir tzachar,False,False
Nic Eggert,False,False
z001qdp,False,False
Sangeon Park,False,True
tboquet,True,False
Philipp Fischbeck,True,False
olegsinyavskiy,False,False
Oleg Sinyavskiy,False,False
dsteiner93,False,False
smauq,False,False
Ozan Caglayan,False,True
Severin Bühler,False,False
jeffzhengye,False,False
Bhargav Mangipudi,False,True
Chen Buskilla,False,False
Luke de Oliveira,False,True
cyc,False,False
Kevin Loney,False,False
Bin Wang,False,True
PiranjaF,False,False
sjebbara,True,False
rpinsler,False,False
Kyle McDonald,False,True
berleon,False,False
Steven Xu,True,True
jarfo,False,False
jake,False,False
Keunwoo Choi,False,True
Cassiano Kleinert Casagrande,False,False
DingKe,False,False
Ehud Ben-Reuven,False,False
Joshua Chin,False,False
tpsatish95,False,False
Marko Jocić,False,False
Anthony Gitter,True,True
David McInnis,True,False
Matthias Plappert,False,True
Ke Ding,False,True
Jan Stypka,True,False
stas-sl,False,False
Petr Baudis,False,True
Matthieu Perrot,True,True
Bar Vinograd,True,False
Ben Mabey,False,False
Bryan Lunt,True,True
Yarin,False,False
shmo,False,False
Wei OUYANG,False,True
Gregory,False,False
mohsen,False,False
ns,False,False
AIshb,False,False
ipod825,False,False
Daniël de Kok,False,True
Matthew Peters,False,True
Jiří Vahala,False,False
tim riley,False,True
giorgiop,True,False
Carlos Eduardo Rosar Kos Lassance,False,False
Quinn Jarrell,False,False
Sudeep Raja,False,True
Charles-Emmanuel,True,False
Pasquale Minervini,False,True
Ben Cook,False,True
Thomas Boquet,True,True
Kai Li,False,True
Jeffery Ye,True,False
Steven Hugg,False,True
Brian McMahan,False,True
Dapid,False,False
Joel,False,False
chardmeier,True,False
Jiyuan Qian,False,False
Colin Rofls,False,False
Philip Bachman,False,True
gw0,False,False
Rich P. I. Lewis,True,False
TobyPDE,False,False
George Hotz,False,False
Sasank Chilamkurthy,False,False
chentingpc,False,False
jingzhehu,False,False
Dr. Kashif Rasul,False,False
Tsukasa ŌMOTO,False,False
ηzw,True,False
Dieuwke Hupkes,False,True
Kai Sasaki,False,False
mat kelcey,False,False
Joshua Loyal,False,False
RyosukeHonda,False,False
Monami Sharma,False,False
mittagessen,False,False
Kumar Ayush,False,True
talpay,False,False
aaditya prakash,False,True
Andrew Stromnov,False,False
lorenzoritter,False,False
matthewmok,False,False
Michael Crawford,False,True
Ziheng Jiang,False,True
mpt5,False,False
Tammy Yang,False,False
Oswaldo Ludwig,False,True
Shaun Harker,False,False
Ryo ASAKURA,False,False
Rompei,False,False
githubnemo,False,False
Zhengping Che,False,True
lucasmoura,False,False
Utkarsh Upadhyay,False,True
M.Yasoob Ullah Khalid ☺,False,False
jkleint,False,False
Carlos Bentes,False,True
jakeleeme,True,False
Benjamin Bolte,False,True
André Artelt,False,False
Shota,False,False
MikeAmy,False,False
joelthchao,False,False
Dmytro Mishkin,False,True
Thibault de Boissière,False,False
Dave Challis,False,True
Maruan,False,False
ekerazha,False,False
Zhengtao Wang,False,True
Olivier Grisel,True,True
dolaameng,False,False
Felix Lau,False,True
Rui Shu,False,True
Sebastian N. Fernandez,False,False
Mostafa Abdulhamid,False,False
yaringal,False,False
Sadegh,False,False
Pradeep Dasigi,False,True
Shuhei Iitsuka,False,True
Jan Wilken Dörrie,False,True
Jérémie,False,False
Chris Caruso,False,False
Ondřej Filip,False,False
Santiago Castro,False,True
Moussa Taifi,False,True
Yad Faeq,False,False
Ramon de Oliveira,False,True
Richard Higgins,False,True
Junwei Pan,False,False
Yann Henon,False,False
Frederico Tommasi Caroli,False,False
Katherine Crowson,False,False
Reid Sanders,False,False
Mike Henry,False,True
Ardalan,False,False
Antonie Lin,True,True
Rodrigo Prado,False,True
EdwardRaff,False,False
Dominic Breuker,False,True
Jurim Lee,False,False
cyrusmaher,False,False
Yanush Viktor,False,False
Dmitry Lukovkin,False,False
Nithish deva Divakar,False,False
dibule,False,False
kuza55,False,False
Pedro S,False,True
Abishek Bhat,False,True
Sean Löfgren,False,False
Matt,False,False
Roberto de Moura Estevão Filho,True,True
Tim Shi,False,True
antonmbk,False,False
iampat,False,False
Arel Cordero,False,False
"Flynn, Michael D",False,False
Furiously Curious,False,False
Seonghyeon Nam,False,True
Taras Boiko,False,True
M Clark,False,True
danstowell,False,False
Yu Yin,False,True
Bas Veeling,False,True
JM Arbona,False,True
Sean,False,False
Andre Simpelo,False,False
Hengkai Guo,False,True
Gunnar Läthén,False,False
Arbona,False,False
Emad El-Haraty,False,False
Ramanan Balakrishnan,False,True
ftence,False,False
Jaye,False,False
Vijay Vasudevan,False,True
Johan Pauwels,False,True
Michael Dietz,True,True
Stefan Wunsch,True,False
Laurent Gautier,False,True
Felix Sonntag,False,False
Alexander Rakhlin,False,False
Aloïs Gruson,False,False
manelbaradad,False,False
Thang Bui,False,True
Igor Macedo Quintanilha,True,True
Uwe Schmidt,False,True
Matt Gardner,True,True
Ken Chatfield,False,True
Anton Chernyavski,False,False
nagachika,False,False
Marzuk Kamal,False,True
Angelos Katharopoulos,False,False
Dontloo,False,False
lebavarois,False,False
Thomas Pinetz,False,False
Brett Naul,False,False
Amane Suzuki,False,False
Javier Dehesa,False,False
Yongsheng Xu,False,True
Leszek,False,False
Shijie Wu,False,False
Shaofan Lai,False,False
Daniel Angelov,False,True
dathinab,False,False
Guy Hadash,False,False
sunil-at-gh,False,False
Jan Zikes,False,False
Alejandro Dubrovsky,False,False
Su Tang,False,True
PPACI,False,False
Bohumír Zámečník,False,False
Julien Phalip,False,False
Batchu Venkat Vishal,False,False
linxihui,False,False
llcao,False,False
Ryan,False,False
konstantinbarkalov,True,False
Rishikesh,False,False
Ander,False,False
Minkoo Seo,False,False
Daniël Heres,False,False
Eric Xihui Lin,False,False
nzw,True,False
Stanislaw Jastrzebski,False,True
Fabian-Robert Stöter,False,True
sukolsak,False,False
David Vetrano,False,False
Ben,False,False
jrao1,False,False
valentindey,False,False
Shashank,False,False
Mohanson,False,False
Arun Das,True,True
Nicholas Cullen,True,True
Luke Yeager,False,False
Botty Dimanov,False,False
Rajath Kumar M P,False,False
Yves Raimond,False,True
reynoldscem,False,False
Burak Benligiray,True,True
skwbc,False,False
Max Horn,False,True
Olexa Bilaniuk,False,True
David Schneider,True,True
Cristian Gratie,False,True
Shusen Liu,False,True
t-vi,False,False
SnowGushiGit,False,False
jialing3,False,False
Todd Gardner,False,True
karimpedia,False,False
Vasilis Vryniotis,False,False
Pokey Rule,False,False
Achal Shah,False,True
Abhai Kollara Dilip,False,False
Paul Fitzpatrick,True,True
Spotlight0xff,False,False
Hannah Vivian Shaw,False,False
Hiroya Chiba,False,False
Davy Song,False,True
Daniel Høyer Iversen,False,True
Ariel Rokem,False,True
piper,False,False
Fred Schroeder,False,True
Joseph Jin-Chuan Tang,False,True
leereeves,False,False
Arpit Agarwal,False,True
Alexandre Kirszenberg,False,False
Israel Gilyadov,False,False
Yorwba,False,False
sadreamer,False,False
Daniel Seichter,False,True
Richard L. Phillips,True,True
Kosuke Kusano,False,True
3h4,False,False
Valerio Maggio,False,False
Adam Basfop Cavendish,False,False
StefOe,False,False
Ivan Sosnovik,False,True
allanzelener,False,False
Andrew Hundt,False,True
Tony Beltramelli,False,True
Reiichiro Nakano,False,False
Joe Yue-Hei Ng,True,True
Hiromichi NOMATA,False,False
Leoyzen,False,False
hellcodes,False,False
tjrileywisc,False,False
Francesco G. Brundu,False,True
drauh,False,False
Dave Willmer,False,True
t.ae,False,False
Sungju Kwon,False,False
ushakov,False,False
Shikhar Sharma,False,True
scott-vsi,False,False
marczellm,False,False
slaterb1,False,False
Walt Woods,False,True
Wang Cheng,False,True
ibrahim5253,True,False
Kumaran Rajendhiran,False,False
Dan Nadler,False,False
zhangwj618,False,False
Durgesh Mankekar,False,False
jcuypers,False,False
smyskoff,False,False
TimHo,False,False
Nils Werner,False,False
Stanislav Volodarskiy,False,False
SimonMarkWarren,False,False
Sean Sall,True,False
Yu-Yang,False,False
Nigel Ng,False,True
Chong Soless,False,False
John B Nelson,True,True
alexantoinefortin,False,False
Sergey Kojoian,False,False
Icyblade Dai,False,False
Vladimir Alekseichenko,False,False
/c/ympfh,False,False
Russ09,False,False
HaleyWu,False,False
Piasy,False,False
Pedro Rodriguez,False,True
Philipp Gross,False,True
Mako,False,False
Nigel,False,False
Andrew Poliakov,False,False
Michael R. Kirchner,False,False
Ilya Ivanov,False,True
Taehoon Lee,True,True
Daniel Julius Lasiman,False,False
Parag S. Chandakkar,True,True
Gökçen Eraslan,False,True
Murat Ambarkutuk,False,True
Han Lin,False,True
Stephan Heijl,False,False
iddober,False,False
Frédéric Branchaud-Charron,True,False
popyy0101,False,False
meberstein,False,False
Grégory Châtel,False,True
Kevin Mader,False,True
Stefano,False,False
catta202000,False,False
Clara Eng,False,True
rejunity,True,False
Jun Kim,False,True
cocuh,False,False
Kyle Dorman,False,False
Indy M,False,True
Rusty,False,False
webzjuyujun,False,False
Edson Medina,False,False
nameless-Chatoyant,False,False
alreadytaikeune,False,False
Vimos Tan,False,False
Arun Lobo,False,False
Rik Nijessen,False,False
Hussain Karimi,False,True
LI YUXIN,False,True
Jeremy Fix,False,True
Somshubra Majumdar,False,True
Martin Hallén,False,False
Erik Smistad,False,True
Chen,False,False
GPhilo,False,False
Maxim Grechkin,False,True
Chris,False,False
Gleb Sidora,False,False
"Tang, Cheng",False,True
Simon Brugman,False,False
Zafarali Ahmed,True,True
td2014,False,False
Olli Huotari,False,False
Elliot Saba,False,False
Andrea Esuli,False,True
Andrey M,False,True
Stefan Schweter,False,False
moi90,True,False
Cheng Tang,False,True
Sebastian Brandes,False,False
vfdev,False,False
Hideaki Kanehara,False,False
Alan Yee,True,True
jorgecarleitao,False,False
Larissa Heinrich,False,False
Kongsea,False,False
Dirk Gorissen,False,True
Martin Humphreys,False,True
brettkoonce,False,False
Hans Gaiser,False,False
NC Cullen,True,False
Yash Katariya,False,False
Doug Coleman,False,False
Arthur Crippa Búrigo,False,False
5ke,False,False
cclauss,False,False
rapatel0,False,False
Alok Singh,False,True
Eric Wu,False,True
Jacek Karwowski,False,True
Joe Yearsley,False,False
Nicole White,False,True
Alex Filiuta,False,False
Melanie Warrick,False,True
Morteza Milani,False,True
Waleed,False,False
Michael A. Alcorn,False,False
Srinivas Reddy Thatiparthy,False,False
Rong Yuanzhen,False,False
Mike Clark,False,True
enkait,False,False
Abner Ayala-Acevedo,False,True
denfromufa,False,False
Kenny John Jacob,False,False
David de la Iglesia Castro,False,False
Georg Wiese,False,True
sosoxuc,False,False
Jonathan DEKHTIAR,False,True
Daniele Grattarola,False,True
Pavlos,False,False
Brendan Dwyer,False,True
Wanasit Tanakitrungruang,False,False
dhaval067,False,False
HelgeS,False,False
Alessandro Pietro Bardelli,False,False
flomlo,False,False
Tim Zaman,False,True
Yoshihiko Ozaki,False,True
Robert Grzesik,False,False
Francisco Facioni,False,False
Yu-Yang Huang,False,True
Patrik Erdes,False,False
jussihuotari,False,False
Alex Eftimiades,False,False
Max Langer,False,True
Jake Becker,False,False
Oleg Zabluda,False,True
Adam Menges,False,False
Yan Facai (颜发才),False,False
Aron Janarv,False,False
Brian Chu,False,True
Martin,False,False
MPiecuch,False,False
raelg,False,False
Rowel Atienza,False,True
Shadi Akiki,False,False
Cédric Deltheil,False,False
Simon Gate,False,True
Adam Durana,False,False
Akshay Chawla,False,False
Lucas Hu,True,False
qin,False,False
Anders Huss,False,False
Oli Lalonde,False,False
Jason Saporta,False,False
Collin Donahue-Oponski,False,False
Michal Podhradsky,True,True
Ritwik Gupta,False,False
Diogo,False,False
Maxim Mikhaylov,False,False
anj-s,False,False
Ryohei Kuroki,False,False
JJ Allaire,False,False
Nathan Suh,False,False
lance6716,False,False
Alex Sergeev,False,True
Ravi Kant Sharma,False,True
Andrzej Pisarek,False,False
Heath Henley,True,True
mjacquem1,False,False
native-api,False,False
Roland Swingler,False,False
罗诚,False,False
Evan Hubinger,False,False
cherryunix,False,False
Saúl,False,False
rh314,False,False
Nick Babcock,False,False
Alexander,False,False
Alireza Manashty,False,True
Maarten de Vries,False,False
Vitaly Krumins,False,False
Phil Ferriere,False,False
Boris Babenko,False,True
Olivier Philip,False,True
Spiros Denaxas,False,True
G K,True,True
obsproth,False,False
Jiří Novotný,False,False
feynman,False,False
Michael Bayer,False,True
Peter St. John,False,True
kouml,False,False
Sumit Gouthaman,False,False
mass tomato,False,False
Shanqing Cai,False,True
Steven Soloway,False,False
m-mohsen,True,False
gabrieldemarmiesse,False,False
tobycheese,False,False
fgaim,False,False
Berk Atmaca,False,False
Georg Göri,False,False
Yuchao Dai,False,True
mihirparadkar,True,False
Dominique Maniry,False,False
Piper Chester,False,False
Lutz Roeder,False,False
Xiaohu Zhu,False,False
Daniel Crispell,False,True
ghostplant,False,False
Robert Sim,False,True
Mike Solomon,False,True
Garrison Jensen,False,False
Denis Fedorenko,False,False
Nate Oostendorp,False,False
oostendo,False,False
Anthony Oliver,False,True
Katherine Scott,True,True
xamox,False,False
kscottz,False,False
Wes Moran,False,True
Nathan Oostendorp,False,False
Mark Hansen,False,True
nikhilgk,False,False
zed,False,False
Shuhao Wu,False,False
wonkoderverstaendige,False,False
Kurt DeMaagd,False,False
Jay Rambhia,False,False
rishimukherjee,False,False
khannan,False,False
Victor de Souza,False,True
Gabrielius Mickevicius,False,False
Rishi Mukherjee,False,True
Victor de Souza Lima e Silva,False,False
Vijay Mahantesh SM,False,False
Philip Wrenn,False,False
jayrambhia,False,False
Nate,False,False
Seunghoon Park,False,True
Rick Copeland,False,False
Paul Huff,False,False
brooksryba,False,False
Victor Silva,False,True
Roy Blankman,False,False
Aravind Nambissan,False,False
Thomas Kluyver,False,False
Brooks Ryba,False,False
Tadashi MATSUO,False,False
Alexandru Stan,False,True
Zhicheng Wei,False,False
Salil Kapur,False,True
Tass Iliopoulos,False,False
Ankit,False,False
sm,False,False
Udbhav Prasad,False,False
sushilthe,False,False
Ricardo Garcia Silva,False,False
Steven Ho,False,False
JesseHawkins,False,False
Rajat Kapoor,False,False
Craig Wm. Versek,False,False
HaveF,False,False
Michael Pratt,False,True
Mani Baktha,False,False
Atul Agrawal,False,True
pap-x,False,False
Alex Vykalyuk,False,False
Akshay Dixit,False,False
Mustafa Furkan Kaptan,False,False
polart,False,False
mfkaptan,False,False
Sight Machine,False,True
rudolf,False,False
rsiera,False,False
CodeTab,False,False
stbnps,False,False
davidk,False,False
kinocksebastian,False,False
Artem Polunin,False,False
hadzibanov-kostadin,True,False
anishchandyoterpa,False,False
Varun Varshney,False,False
Miguel Araujo Perez,False,False
Larry Davis,False,True
Jeremy Rubin,False,False
guoyimin,False,False
Fabian Affolter,False,False
Brendan Wood,False,True
Thom Neale,False,True
mayankpj,False,False
waspinator,False,False
Tendrid,False,False
bendtherules,True,False
SergPro,False,False
ryan,False,False
Casey Chance,False,False
Cosmin Boaca,False,False
mechiris,False,False
Panos Georgiadis,False,False
hustcalm,False,False
sharatisrani,False,False
ggolani,False,False
nathan r. hruby,False,False
John Sun,False,True
Mike Shi,False,True
Quan Shi,False,True
Julien Enselme,False,False
Kirill Rozin,False,False
(no author),False,True
tomdesmedt@gmail.com,False,False
Tom De Smedt,False,True
Frederik De Bleser,False,False
Peteris Erins,False,False
Rajesh Nair,False,True
Radim Řehůřek,False,True
Robert Elwell,False,False
Shubhanshu Mishra,False,True
gallantcode,False,False
soycode,False,False
Ken Koch,False,False
Jens Grivolla,False,True
Steven Loria,False,False
Dmitry Ermolov,False,False
Peter Bull,False,True
maurizio,False,False
Dan Fu,False,True
dan-fu,False,False
cirrushq,False,False
Anthony Sypniewski,False,False
NewWorldOrder,False,False
Markus Beuckelmann,False,False
HippyZ,False,False
Frederik Elwert,False,True
Christian S. Perone,False,True
Amit Saha,False,True
Lorenzo Riano,False,True
Ronny Pfannschmidt,False,False
Blaine Booher,False,False
Anthony Miller-Rhodes,False,False
Senyai,False,False
Gabriel Wainer,False,True
melevir,False,False
Marc Abramowitz,False,False
Ben Elliston,False,False
Tomer Froumin,False,False
RKBK,False,False
Edward Loper,True,False
Salim Zayats,True,False
Steven Bird,False,True
Ewan Klein,True,True
Trevor Cohn,False,True
Haejoong Lee,True,False
Rob Speer,True,True
Baden Hughes,False,False
Tiago Tresoldi,False,True
James R Curran,True,True
Stuart Robinson,False,True
Greg Aumann,False,False
David Ormiston Smith,True,False
Tony Zale,False,False
Sumukh Ghodke,False,False
Dan Garrette,False,True
Joshua Ritterman,False,False
Jussi Salmela,False,False
tarkvara,False,False
Jason Baldridge,False,True
Paul Bone,True,True
Unknown,False,False
Petro Verkhogliad,False,False
Joel Nothman,True,True
Joseph Frazee,False,False
Meng Xinfan,False,True
Jason Narad,False,False
Tom Lippincott,True,True
Nitin Madnani,True,True
Margaret Mitchell,False,True
Torsten Marek,False,False
Peter Ljunglöf,False,True
Bjørn Arild Mæland,False,False
Jordan L Boyd-Graber,False,False
Steven Bethard,True,True
Brandon Craig Rhodes,False,False
Maciej Pastuszka,False,False
Alex Rudnick,False,True
David Ross Coles,False,False
Jacob Perkins,False,False
Leon Derczynski,True,True
xim,False,False
bobobo1618,False,False
Tim McNamara,False,True
Rico Sennrich,False,True
tingletech,False,False
Lars Buitinck,True,False
Piet Delport,False,True
Peter Ljunglöf,False,True
Morten M. Neergaard,False,False
Stefano Lattarini,False,False
Alexis Dimitriadis,False,True
desilinguist,False,False
Alessandro Presta,False,True
David Doukhan,False,False
jnothman,True,False
nickgarvey,False,False
Dan Blanchard,False,True
Rob Zinkov,False,True
Duncan McGreggor,False,True
nschneid,False,False
Nathan Schneider,True,True
Christian Federmann,False,True
Ceri Stagg,False,False
Pierre-Francois Laquerre,False,False
Pierre-François Laquerre,False,False
Pablo Duboue,False,True
Badri,False,False
Pascal Hartig,False,False
Mark Amery,False,False
Julian Arni,False,False
Ilia Kurenkov,False,False
mheilman,True,False
Dag Høidahl,True,False
LU Chunliang,False,True
Amy Zhou,False,True
Myle Ott,False,True
Stephen Shaw,False,True
yanlend,False,False
BrucePHill,False,False
Will Roberts,False,True
tylerhartley,False,False
knkumar,False,False
onesandzeroes,False,False
Rob Malouf,True,True
isnowfy,False,False
Dougal Graham,False,True
dougalg,False,False
Siddhant Saraf,False,False
Michelle Fullwood,False,False
pfeyz,False,False
Christopher Pfohl,False,False
Alexander Oleynikov,False,False
Chuck Wooters,True,True
Quentin Pradet,False,True
Lance Nathan,False,False
Willem Van Lint,False,False
Dean Malmgren,False,True
usami,False,False
Marcus Huderle,False,False
Nick Johnson,False,True
Marcus Uneson,False,False
Ivan Barria,False,False
watercrossing,False,False
Louis Tiao,False,False
Joseph Lynch,True,True
Peter Bronez,False,False
Dmitrijs Milajevs,False,True
David McClosky,False,True
eltermann,False,False
helmanofer,False,False
Ofer Helman,False,False
Colorado Reed,False,True
Arthur Darcet,False,False
Liechti,False,False
jw2013,True,False
Alireza Nourian,False,True
Lauri Hallila,False,False
lade,False,False
alvas,False,False
Cristian Capdevila,True,False
Eric Kow,False,True
Miquel Torres,False,True
Farley Knight,False,False
Nantas Nardelli,False,True
Helder,False,False
Owen Haynes,False,False
Andrey Salamatin,False,True
Long Duong,False,True
Arvind Chembarpu,False,True
kiwipi,False,False
0ssifrage,False,False
Denis Krusko,False,True
Long Thanh Duong,False,False
ducki13,False,False
Avital Pekker,False,False
Saimadhav Heblikar,False,True
Felipe Madrigal,False,False
Alex Louden,False,True
avitalp,False,False
Ondrej Platek,False,True
Dávid,False,False
Anirudh,False,False
Chris Inskip,False,False
Dmitry Sadovnychyi,False,False
Smitha Milli,False,False
Tom Mortimer-Jones,False,False
lrnzcig,False,False
prpfialho,False,False
Sam Raker,False,False
Pierpaolo Pantone,False,False
dhg,False,False
Keith Suderman,False,False
redsk,True,False
LenRemmerswaal,False,False
kabayan55,True,False
Heran Lin,False,False
Justin Hammar,False,False
JacksonLLee,False,False
hoontw,False,False
Álvaro Justen (@turicas),False,False
何震震,False,False
Le Tuan Anh,False,True
Thomas Stieglmaier,False,True
Petra Barancikova,False,True
Alexander Böhm [jwacalex],False,False
annagarbar,False,False
Francis Bond,False,True
Sergio Oller,False,True
Will Monroe,True,True
Graham Christensen,False,False
Mike Recachinas,True,False
David Kamholz,False,False
Reed Loden,False,False
Jihun Choi,True,True
Andrew Drozdov,False,True
Clark Grubb,False,False
Elijah Rippeth,False,False
Kyriakos Georgiou,False,True
Philip Tzou,False,False
kmario,False,False
Michael Wayne Goodman,False,True
Josh Owen,False,True
tanin-air,False,False
Philippe Ombredanne,False,False
Andrew Giel,False,False
venticello,False,False
Josiah Wang,True,True
David Madl,False,False
hannah,False,False
saurav kumar,False,True
Laspimon,False,False
Guilherme Nardari,False,False
Piotr Kasprzyk,False,False
Dennis O'Brien,False,True
Linghao Zhang,False,True
germanferrero,False,False
Colin,False,False
colin,False,False
Heguang Miao,False,False
Geoff Bacon,True,False
George Berry,True,True
Adam Nelson,False,True
Jānis Šlapiņš,False,False
drevicko,False,False
Andy Reagan,False,True
nsfabina,False,False
alex.constantin,False,False
Tim Leslie,False,True
Igor Korolev,False,True
tsolakghukasyan,True,False
Tan,False,False
muneson,False,False
Prasasto Adi,False,False
SaintNazaire,False,False
hdlim15,True,False
Lenz Furrer,False,False
Xinyuan Liu,False,True
Naoya Kanai,False,False
Safwan Kamarrudin,True,False
Christian M. Meyer,False,True
Alex Constantin,False,True
jacksonllee,False,False
eromoe,False,False
Arthur Tilley,False,False
Abdelhak Bougouffa,False,True
jmhutch,False,False
Jaehoon Hwang,False,True
Carl Friedrich Bolz,False,True
himkt,True,False
Hiroaki Hayashi,False,False
Vilhjalmur Thorsteinsson,False,False
Guthrie Armstrong,False,False
chintan.sh,False,False
dsfcode,False,False
Nelson Liu,False,True
sbagan,False,False
xu2333,True,False
Zing,True,False
Albert,False,False
lmatt,False,False
Henry-E,False,False
ali-abdullah,False,False
Stoytcho Stoytchev,False,False
LBenzahia,False,False
Campion Fellin,False,False
xprogramer,False,False
Thanh Ha,False,True
Fábio Silva,False,True
Tan LiLing,False,True
Ziyao Wei,False,False
MohamedAlFahim,False,False
Artiem K,False,False
Björn Mattsson,False,False
Yannick Couzinié,False,False
Ziyaddin Sadigov,False,False
Chislov Oleg,False,False
Yibin Lin,False,False
Duy Nguyen,False,True
Oleg Chislov,False,False
mattjdelia,False,False
Pavan Joshi,False,False
Aliia,False,False
Jim Regan,False,True
Ethan.Hill,False,False
Dougal J. Sutherland,False,False
Ian Schweer,False,False
Andy Craze,False,False
wardbradt,True,False
ymfa,False,False
anati_just,False,False
Somnath Rakshit,False,True
Aron Barreira Bordin,False,True
Aron Bordin,False,True
Travis CI User,False,False
Qwlouse,False,False
Klaus Greff,False,True
Rupesh Kumar Srivastava,False,True
Rupesh Srivastava,False,True
Sjoerd van Steenkiste,False,True
julian121266,False,False
teuneboon,False,False
sjoerdvansteenkiste,False,False
WalkandTalkand69,False,False
Raphael Deem,False,False
Tu Pham Nguyen,False,False
Lorenz Diener,True,True
iver56,False,False
Michael Wand,False,True
Andi Heinrich,False,False
Miguel,False,False
miguel,False,False
Daniel Stender,False,False
Philippe Serhal,True,False
Jérémie Dumas,True,True
François Saint-Jacques,False,False
valentin Bisson,False,False
Erick Lavoie,False,True
Lucas Berthou,False,False
Ryane Alla,True,False
Christian Hudon,False,False
William,False,False
Hannes Bretschneider,False,True
poolio,False,False
Vincent Archambault-B,False,False
Vincent,False,False
Will Kurt,False,True
Harm Aarts,False,False
Eric Martin,False,True
omar,False,False
Bogdan,False,False
Derek Morris,False,True
Heng Luo,False,True
rambominator,False,False
Durk Kingma,False,False
Matthew Grimes,True,True
zygmuntz,False,False
lmiksys,False,False
My name,True,True
Thomas Rohée,True,False
Jorg Bornschein,True,True
rickard,False,False
Raul Chandias Ferrari,True,False
raul,False,False
Yung Siang Liau,False,False
AlassaneNdiaye,False,False
Jessica Thompson,True,True
jbuyl,False,False
edersantana,False,False
johnarevalo,False,False
skearnes,True,False
Rickard Norlander,False,False
Steven Kearnes,False,True
Samira E. Kahou,False,True
Axel Davy,False,False
Bharath,False,False
Andy Sarroff,True,True
woodshop,True,False
ngocminh.oss,False,False
Matthias Görgens,False,False
Michal Lisicki,False,False
Matthias Gorgens,False,False
serge-m,False,False
KennethPierce,False,False
Trung Huynh,False,True
Julien Brayere,False,False
cdevin,False,False
Junyoung,False,False
薛丞宏,False,False
rdevon,True,False
Ia3n Goodfellow,False,False
rjrowekamp,True,False
Ryan Rowekamp,True,True
yelite,False,False
Kyle Kastner,False,True
julianser,False,False
Mathew Donald Rogers,True,False
Lite Ye,False,True
Yuxin Wu,False,True
ppwwyyxx,False,False
Alex Rothberg,False,False
matrogers,False,False
Jae-Myoung Yu,False,False
Minh Le,False,True
MarCnu,False,False
Karsten Behrendt,False,False
icoxfog417,False,False
Geert,False,False
Machine Learning and Applications Group,False,False
Petr Fedorov,False,False
tknhs,False,False
Raul Peralta Lozada,False,False
James Brotchie,False,True
sinhrks,False,False
Sandeep Bhat,False,True
Adam Stone,False,True
Pastafarianist,False,False
Jon Gauthier,True,True
Eivind Arvesen,False,False
Xavier Audier,False,True
sakurai,True,False
junbochen,False,False
Hans Engel,False,True
Nicu Tofan,False,False
jonathanvallee,True,False
jovallee,True,False
woozzu,False,False
Alex J. Champandard,False,False
Viktor Pogrebniak,False,False
OpenAI server,False,False
murray,False,False
Seyyed Hossein Hasan Pour,False,False
Sonagra Sumit,False,False
ClimbsRocks,False,False
Manikandan.R,False,False
Preston Parry,False,False
Brandon Mills,False,False
Po-Hsien Chu,False,False
bendearborn,False,False
calz1,False,False
jonaphin,False,False
CalZ1,False,False
alvinthai,False,False
Raghav Ramesh,False,False
Johan A. Holm,False,False
Daniel Klevebring,False,False
Fabian Pedregosa,True,True
Jake VanderPlas,True,True
Alexandre Gramfort,True,True
Bertrand Thirion,True,True
Michel Vincent,False,True
ogrisel,True,False
gvaroquaux,True,False
Chris Filo Gorgolewski,False,False
Vincent Michel,False,True
Ron Weiss,False,True
Edouard Duchesnay,False,True
vincent,False,False
revilyo,False,False
Nico Golde,False,False
Matthieu Brucher,False,True
VirgileFritsch,False,False
bthirion,True,False
vincent M,False,True
Mathieu Blondel,False,True
Ronan Amicel,False,False
Peter Prettenhofer,False,True
pprett,False,False
dubourg,False,False
Alexandre Passos,False,True
vene,True,False
Anne-Laure FOUQUE,True,False
Anne-Laure Fouque,False,False
osdf,False,False
Paolo Losi,False,False
Kamel Ibn Hassen Derouiche,False,False
Vincent M,False,True
james.bergstra,False,False
Satrajit Ghosh,True,True
mxf,False,False
Dan Yamins,False,True
GaelVaroquaux,True,False
Vincent Schut,False,False
Amit Aides,True,False
Noel Dawe,True,False
Feth Arezki,False,False
Yann Malet,False,False
Your Name,False,True
Vincent michel,False,True
Julien Miotte,False,False
Virgile,False,False
amueller,True,False
Alexis Metaireau,False,False
Bryan Silverthorn,False,True
Jake Vanderplas,True,True
Keith Goodman,False,False
Lucas Wiman,False,False
Robert,False,False
Vlad Niculae,True,True
Jacob Vanderplas,False,True
Jean Kossaifi,True,True
Robert Layton,False,True
robertlayton,False,False
Minwoo Jake Lee,True,False
clay woolam,False,False
JeanKossaifi,False,False
Salvatore Masecchia,False,True
Conrad Lee,False,True
Varoquaux,True,False
Clay Woolam,False,False
bdholt1,False,False
Jean  KOSSAIFI,True,True
X006,False,False
Olivier Hervieu,False,False
Andy,True,False
Félix-Antoine Fortin,False,True
Jan Hendrik Metzen,True,True
Bogdan Trach,False,False
Fritsch,False,False
Juan Manuel Caicedo Carvajal,False,False
Bala Subrahmanyam Varanasi,False,False
Kenneth C. Arnold,True,True
draxus,False,False
DraXus,False,False
Xinfan Meng,False,True
Shiqiao Du,False,False
Tiziano Zito,False,True
Michael EICKENBERG,True,False
Charles McCarthy,False,False
Jaques Grobler,False,False
jansoe,False,False
Carlos Scheidegger,True,True
Brandyn White,False,True
Shiqiao,False,False
Adrien Gaidon,False,True
leonpalafox,False,False
fcostin,False,False
flyingimmidev,False,False
Scott White,False,True
Yannick Schwartz,True,True
Nick Wilson,False,True
David Marek,False,False
iBayer,False,False
Udi Weinsberg,False,True
ibayer,False,False
Edouard DUCHESNAY,True,True
Roy Hyunjin Han,False,False
Joonas Sillanpää,False,False
Claire Revillet,False,False
duchesnay,False,False
Subhodeep Moitra,False,True
Daniel Duckworth,False,False
Alexandre Abraham,True,True
Brandyn A. White,False,False
Dan O'Huiginn,False,False
Immanuel Bayer,True,True
Kernc,False,False
Florian Hoenig,True,True
Charles-Pierre Astolfi,False,False
John Benediktsson,False,True
Bussonnier Matthias,False,True
Alex Companioni,False,False
emanuele,False,False
Sergio Medina,True,True
Francois Savard,False,True
Peter Welinder,False,True
Ludwig Schwardt,False,False
buguen,True,False
Marko Burjek,False,False
Christian Jauvin,False,False
Virgile Fritsch,False,True
syhw,False,False
Pavel,False,False
Jacques Kvam,False,False
Tadej Janež,False,False
cow,False,False
Aymeric Masurelle,False,True
Daniel Nouri,False,False
Corey Lynch,False,True
Richard T. Guy,False,True
Matti Lyra,True,False
dengemann,False,False
Anze,False,False
Eugene Nizhibitsky,False,False
Shaun Jackman,False,True
Michael,False,False
Arnaud Joly,False,True
Tiago Nunes,False,True
Andrew Winterman,False,False
benjamin wilson,False,True
Sebastian Berg,False,False
Alejandro Weinstein,False,False
x006,False,False
bob,False,False
Brian Cajes,False,False
Mark Veronda,False,False
mr.Shu,False,False
Scott Dickerson,False,False
Kyle Beauchamp,False,True
Wei LI,False,True
Naoki Orii,False,False
ApproximateIdentity,False,False
Rolando Espinoza La fuente,False,False
Bastiaan van den Berg,False,True
Martin Luessi,True,True
Diego Molla,False,True
Benjamin Peterson,False,True
Robert Marchman,True,False
Hrishikesh Huilgolkar,False,False
Rafael Cunha de Almeida,False,False
Federico Vaggi,False,True
FedeV Ubuntu Laptop,False,False
hrishikeshio,False,False
Dougal Sutherland,False,True
Jochen Wersdörfer,False,False
jamestwebber,False,False
Justin Pati,True,False
JakeMick,True,False
Steven De Gryze,False,False
Raul Garreta,False,False
draix,False,False
Alexander Fabisch,True,True
Nicolas Trésegnie,False,False
Szabo Roland,False,True
Miroslav Shubernetskiy,False,False
Seamus Abshere,False,False
Kevin Hughes,False,True
Imran Haque,True,True
lqdc,False,False
Steve Koch,False,True
Jim Holmström,False,False
roman,False,False
Felix Brockherde,False,False
Abhijeet Kolhe,False,False
James McDermott,False,True
Jack Hale,True,True
Matthias Ekman,False,True
Ken Geis,False,False
eustache,False,False
Norbert Crombach,False,False
nzer0,False,False
Daniel Velkov,False,False
Thomas Jarosch,False,False
Denton Cockburn,False,False
Justin Vincent,False,True
Fazlul Shahriar,False,True
Sergey Feldman,False,True
sergeyf,False,False
Ian Ozsvald,False,False
uber,False,False
John Zwinck,False,False
har777,False,False
Philippe Gervais,True,False
Denis A. Engemann,False,True
Denis Engemann,False,True
Ben Root,False,True
Sturla Molden,False,False
Joshua Vredevoogd,True,False
Kyle Kelley,False,True
Karol Pysniak,False,False
Roland Szabo,False,True
alemagnani,False,False
Brooke Osborn,False,True
Erwin Marsi,True,True
balu,False,False
Rohit Sivaprasad,False,False
John Schmidt,False,True
Untom,False,False
untom,False,False
paulgb,False,False
Eric Jacobsen,False,True
rphlypo,True,False
Daniele Medri,False,True
Stephan Hoyer,False,True
john collins,False,True
Steven Maude,False,False
Jorge Cañardo Alastuey,False,False
Laurent Pierron,True,False
Vijay Ramesh,False,True
Manoj-Kumar-S,False,False
Brian Kearns,False,False
Craig Thompson,False,True
Yury V. Zaytsev,False,True
Vincent Dubourg,False,False
José Ricardo,False,True
Guilherme Trein,False,False
Skipper Seabold,False,False
kowalski87,False,False
Baptiste Lagarde,True,False
cjlin,False,False
Kenta Sato,False,False
popo,False,False
Erik Shilts,False,False
LK,False,False
amormachine,False,False
Peter,False,False
Eddy L O Jansson,False,False
bwignall,False,False
ai8rahim,False,False
Florian Wilhelm,False,False
DanielWeitzenfeld,False,False
Stefan Walk,False,True
ugurthemaster,False,False
Chen Liu,False,True
Charles Earl,False,False
Eduardo Ariño de la Rubia,False,False
csytracy,False,False
hendrik,False,False
Joseph Perla,False,False
Michael Hanke,False,True
Paweł Mandera,False,True
kaushik94,False,False
Allen Riddell,False,False
Yoni Ben-Meshulam,False,False
Andrew Tulloch,False,True
Kevin P,False,True
maheshakya,False,False
James Yu,False,True
Oscar Carlsson,False,True
hamzeh,False,False
Ethan White,False,True
pestrickland,False,False
abhishek thakur,False,True
matrixorz,False,False
dzikie drożdże,False,False
Will Myers,False,False
Aaron Schumacher,False,False
Alyssa,True,False
Michael Becker,False,True
jess010,False,False
chalmerlowe,False,False
Denis,False,False
Sebastian Saeger,False,True
murad,False,False
Yoshiki Vázquez Baeza,True,True
sdenton4,False,False
Simon Frid,False,False
Andrew Ash,False,True
Jeffrey Blackburne,False,True
Jean Michel Rouly,False,False
t-aft,True,False
Rajat Khanduja,False,False
John,True,False
IvicaJovic,False,False
mjbommar,False,False
Pietro Zambelli,False,True
Andrew Clegg,False,False
Amos Waterland,True,True
staubda,False,False
Matthias Feurer,True,True
hamsal,False,False
Max Linke,False,True
Jelle Zijlstra,False,True
Laurent Luce,False,False
Chyi-Kwei Yau,False,False
Samuel Charron,False,False
Ilambharathi Kanniah,False,False
Valentin Haenel,False,False
Ronald Phlypo,True,False
kastnerkyle@gmail.com,False,False
alex,True,False
Ryan Wang,False,True
Hamzeh Alsalhi,True,False
Ignacio Rossi,False,True
Daiki Aminaka,False,False
Jan Dlabal,True,True
Steve Tjoa,False,True
MechCoder,False,False
Laurent Direr,False,True
MLG,False,False
Lagacherie Matthieu,False,False
lesteve,False,False
Brent Pedersen,False,True
pvnguyen,False,False
Danny Sullivan,False,True
Benedikt Koehler,False,True
Rafael Carrascosa,False,False
Nikolay Mayorov,False,False
Jatin Shah,False,True
Anders Aagaard,False,False
Sam Nicholls,False,True
Andrew Walker,False,True
Martin Billinger,False,False
tejesh95,False,False
Rahiel Kasim,False,False
Calvin Giles,False,False
swu,False,False
Zichen Wang,False,True
wangz10,False,False
Akshay,False,False
danfrankj,False,False
akshayah3,False,False
x0l,False,False
queqichao,False,False
Will Lamond,False,False
trevorstephens,False,False
Manuel,False,False
Matt Pico,False,False
Ian Gilmore,False,True
Christian Stade-Schuldt,False,False
Manoj Kumar,True,True
Aaron Staple,False,False
Okal Billy,True,True
Óscar Nájera,False,True
Saurabh Jha,False,True
Nicola Montecchio,False,True
Loïc Estève,False,False
Kevin Markham,False,False
snuderl,False,False
Borja Ayerdi,False,True
banilo,False,False
Raghav R V,False,True
jdcaballero,False,False
isms,False,False
Javier López Peña,False,True
Thomas Delteil,False,False
Vjacheslav Murashkin,False,False
Boris Feld,False,False
gpassino,False,False
Paolo Puggioni,False,False
dsullivan7,False,False
sethdandridge,False,False
Yu-Chin,False,False
leepei,True,False
Hsiang-Fu Yu,True,True
Tzu-Ming Kuo,False,True
Jeff Hammerbacher,False,True
Brian Wignall,False,False
Matteo Visconti dOC,True,False
Aldrian Obaja,False,True
David Fletcher,False,True
Clemens Brunner,False,True
Lukas Michelbacher,False,True
Sylvain Zimmer,False,False
Lars,False,False
Randall Mason,False,True
Andreas van Cranenburgh,False,True
tttthomasssss,False,False
Wu Jiang,False,True
Mateusz Susik,True,False
Cathy Deng,False,False
Hugues SALAMIN,False,True
Kaicheng Zhang,False,False
Hampus Bengtsson,False,False
Mehdi Cherti,False,True
Mario Michael Krell,True,True
bhsu,False,False
wadawson,True,False
gwulfs,False,False
Saket Choudhary,False,True
Herve Bredin,False,True
ugurcaliskan,False,False
chebee7i,False,False
Harry Mavroforakis,False,False
David D Lowe,False,True
Celeo,False,False
Garrett-R,False,False
Hasil Sharma,False,False
Hanna Wallach,False,True
Yan Yi,False,True
terrycojones,False,False
Vinayak Mehta,False,False
Barmaley.exe,False,False
Stefan Otte,False,False
Michael J Bommarito II,False,False
Martin Ku,False,True
Ben Davies,False,True
Erich Schubert,False,True
Joseph,False,False
Ari Rouvinen,False,False
Wei Xue,False,True
akitty,False,False
Boyuan Deng,False,False
Nicolas,False,False
Jack Martin,False,True
Ali Baharev,True,True
Daniel Galvez,False,True
Michael Heilman,False,True
Sam Zhang,False,True
zhai_pro,False,False
Hsuan-Tien Lin,True,True
Martin Spacek,False,False
Omer Katz,False,False
Steven Seguin,False,False
jfraj,False,False
sseg,False,False
rasbt,False,False
Anthony Erlinger,False,False
scls19fr,False,False
Maxim Kolganov,False,False
Kian Ho,False,True
Zac Stewart,False,True
David,False,False
Ando Saabas,False,True
Peter Fischer,False,True
Konstantin Shmelkov,True,True
Dmitry Spikhalskiy,False,False
TomDLT,False,False
Tiago Freitas Pereira,False,True
Alexey Grigorev,False,True
tokoroten,False,False
martinosorb,True,False
Sonny Hu,False,True
Daniel Kronovet,False,False
Shivan Sornarajah,False,False
Jungkook Park,False,True
Frank C. Eckert,False,False
Christophe Bourguignat,False,False
Jacob Schreiber,True,True
Tian Wang,True,True
Eduardo Caro,False,True
Theodore Vasiloudis,False,True
pianomania,False,False
Yury Zhauniarovich,False,True
Stephen Hoover,False,True
Phil Roth,False,True
David Dotson,False,True
Matt Krump,False,True
Chih-Wei Chang,False,True
edson duarte,False,True
Donne Martin,False,False
Ankur Ankan,False,True
hlin117,False,False
John Kirkham,False,False
mhg,False,False
MarkTab marktab.net,False,False
SimonPL,False,False
Gryllos Prokopis,False,False
Arthur Mensch,True,True
mbillinger,False,False
Joe Jevnik,False,False
Ganiev Ibraim,False,False
Pauli Virtanen,False,True
Frank Zalkow,False,False
Raghav,False,False
Kyler Brown,False,True
Buddha Prakash,False,False
Eric Larson,False,True
saurabh.bansod,False,False
Data1010,True,False
santi,False,False
Brian McFee,True,True
Chi Zhang,False,True
djipey,False,False
Masafumi Oyamada,False,True
Andrew Lamb,True,True
Christopher Erick Moody,False,False
vstolbunov,False,False
benjaminirving,False,False
Cindy Sridharan,False,False
Valentin Stolbunov,False,True
Timothy Hopper,False,True
Fernando Carrillo,False,True
Jeremy,False,False
Nico de Vos,False,False
Ishank Gulati,False,False
Rohan Ramanath,True,True
Yucheng Low,False,False
Graham Clenaghan,False,False
Michael Patterson,False,True
Tom Dupré la Tour,False,True
Tom DLT,False,False
Clyde-fare,False,False
Jiali Mei,False,False
=?UTF-8?q?Lo=C3=AFc=20Est=C3=A8ve?=,False,False
Loic Esteve,False,False
shagun Sodhani,False,False
Massil,False,False
Jeffrey04,False,False
Thomas Moreau,False,True
Alexandre Abadie,True,False
andrew giessel,False,False
Charles Truong,True,False
waterponey,False,False
MaryanMorel,False,False
Perrine Letellier,False,False
Elvis DOHMATOB,True,True
MartinBpr,False,False
Arnaud Rachez,False,False
Rachit Kansal,False,False
Issam Laradji,False,True
Glenn Qian,False,False
johannah,False,False
John Boersma,False,False
sklearn-ci,False,False
Giorgio Patrini,True,True
ngoix,False,False
Thomas Hallock,False,True
Nicolas Goix,False,True
Michael Scherer,False,True
shawpan,False,False
Aditya Joshi,False,True
Mario Krell,True,True
"Zikes, Jan",False,False
KamalakerDadi,False,False
Harizo Rajaona,False,True
Taranjeet,False,False
Varun,False,False
Villu Ruusmann,False,False
Fabio Ticconi,False,False
Max Moroz,False,False
Leland McInnes,False,False
Will Welch,False,True
hugobowne,False,False
codevig,False,False
Hugo Bowne-Anderson,False,False
Andrew McCulloh,False,True
Pieter de Jong,False,True
Nick James,False,True
LeiG,False,False
toastedcornflakes,False,False
Wenjian Huang,False,False
jeremynixon,False,False
kjell,True,False
Joshua Cook,False,True
alexfields,False,False
Dan Shiebler,False,False
seales,False,False
Sartaj Singh,False,True
Francis T. O'Donovan,False,True
David Thaler,False,True
hdmetor,False,False
Alexander Loginov,False,False
Qimu Zheng,False,True
Kvle Putnam,False,False
Isaac Sijaranamual,False,True
Mathieu Dubois,True,True
Giovanni Cherubin,False,True
dsquareindia,False,False
Maniteja Nandana,False,False
mrandrewandrade,False,False
kaichogami,False,False
michiaki ariga,False,True
imaculate,False,False
Kornel Kielczewski,False,False
Bernardo Vecchia Stein,False,False
kingjr,False,False
Amlan Kar,False,True
Ash Hoover,False,False
YenChenLin,False,False
Panos Louridas,False,False
halwai,False,False
jarfa,False,False
Greg Reda,False,False
Trent Hauck,False,False
govin-vatsan,False,False
Joseph Munoz,False,False
ldavid,False,False
alyssaq,False,False
tracer0tong,False,False
SmedbergM,False,False
edwinENSAE,False,False
Andrew Murray,False,True
Paul Strickland,False,True
Scott Lowe,False,True
Rob Alexander,False,True
Randy Olson,True,True
Camilo Lamus,True,True
Okhlopkov Daniil Olegovich,False,False
Davide Lasagna,False,True
Arafat,False,False
lizsz,False,False
nlathia,True,False
practicalswift,False,False
Toshihiro Kamishima,False,True
Thomas A Caswell,False,True
jeff levesque,False,False
Matteo Visconti di Oleggio Castello,False,True
ningchi,False,False
Alexander Minyushkin,False,False
Sébastien Lerique,False,True
Mark Szepieniec,False,False
Ruifeng Zheng,False,False
Matheus,False,False
JPFrancoia,False,False
David Warshaw,False,True
Gustav Mörtberg,False,False
Yen,False,False
Kenneth Lyons,False,True
Alejandro Correa Bahnsen,False,True
Thierry,False,False
shuckle16,False,False
Elias Kuthe,False,True
Tue Vo,True,True
Cass,False,False
Saiwing Yeung,False,True
zivori,False,False
Colin Ni,False,False
shanmuga cv,False,False
Thierry Guillemot,False,True
okbalefthanded,False,False
David Ellis,False,True
Daniel Hnyk,False,False
xyguo,False,False
Jordi,False,False
Kevin Wang,False,True
Jill-Jênn Vie,False,True
Robert Lutz,False,True
Wenhua Yang,False,False
Giovanni Lanzani,False,True
Ryan Yu,False,True
"Ping-Yao, Chang",False,False
nadya-p,False,False
krishnakalyan3,False,False
Martin Madsen,False,False
jackmartin,False,False
Bernhard Kratzwald,False,True
Krishna Kalyan,False,True
hashcode55,False,False
John Moeller,False,True
Yoav Ram,False,True
Brandon Carter,False,False
Jeremy Hintz,False,False
Rohan Jain,False,True
Mark Bao,False,False
jonathan.striebel,False,False
Imaculate,False,False
Francis O'Donovan,False,True
Sebastian Raschka,True,True
fisache,False,False
Igor Andriushchenko,False,False
Gordon Mohr,False,False
Inki Hwang,False,False
wyseguy7,False,False
Behzad Tabibian,False,True
Janna Brettingen,False,False
Carol Willing,False,False
jrfiedler,False,False
shengxiduan,False,False
Deborah,True,False
Varun Jewalikar,False,True
blakeflei,False,False
David Nicholson,False,True
juliathebrave,False,False
Sam Shleifer,False,False
Raghav RV,False,True
Archit Sharma,False,False
Léonie Borne,False,False
David Staub,False,True
Manvendra Singh,False,True
Andrew Jackson,False,True
Rammig,False,False
Didi Bar-Zev,False,False
Nate George,False,True
James Fiedler,False,False
JulianKahnert,False,False
Iver Jordal,False,True
Jason Laska,False,True
tKammy,False,False
Sebastián Vanrell,False,True
Konstantin Podshumok,False,False
Jessica Yung,False,True
definitelyuncertain,False,False
Caio Oliveira,False,True
CeShine Lee,False,False
Zheng RuiFeng,False,False
b0noI,False,False
Viacheslav V Kovalevskyi,False,False
asnt,False,False
Alexander Rudy,False,True
LeightonZhang,False,False
Mads Jensen,False,True
ghg,False,False
Mridul Seth,False,False
Alexandre Saint,False,True
srvanrell,False,False
NickleDave,False,False
Hobson Lane,False,True
Jimmy Jia,False,False
themrmax,False,False
saihttam,False,False
jblackburne,False,False
Scott Andrews,False,False
Yichuan Liu,False,True
James Routley,False,False
Shashank Shekhar,False,True
Robin Schucker,False,False
Greg Stupp,True,True
Agamemnon Krasoulis,True,True
Rob Hall,False,True
Roman Yurchak,False,True
Henry Lin,False,True
Steven C. Howell,False,True
elena-sharova,False,False
Patrick Pei,False,True
Russell Smith,False,True
Charlie Brummitt,True,True
omtcyfz,False,False
mlliou112,False,False
fukatani,False,False
Siddharth Gupta,False,True
rickiepark,False,False
Julien Aubert,False,True
Pieter Arthur de Jong,False,False
Om Prakash,False,True
Charlton Austin,False,False
Patrick Carlson,False,False
Mehul Ahuja,False,False
Mainak Jas,False,True
vibrantabhi19,False,False
Angus Williams,False,False
Jonathan Rahn,False,False
Michele Lacchia,False,False
Dave Elliott,False,True
Josh Karnofsky,True,False
Grzegorz Szpak,True,False
Kathy Chen,False,True
Kyle Gilliam,False,True
Artem Golubin,False,False
E. Lynch-Klarup,False,False
He Chen,True,True
Iván Vallés,False,False
Aashil,False,False
Nicole Vavrova,False,False
Fabian Egli,False,False
ferria,False,False
Andrew Smith,False,True
ljwolf,False,False
Ibraim Ganiev,False,False
Alexander Junge,False,True
yangarbiter,False,False
NarineK,False,False
Alyssa Batula,True,True
"Meng, Peng",False,True
chkoar,False,False
Antoine Wendlinger,False,False
Brian Burns,False,False
Srivatsan,False,False
nuffe,False,False
polmauri,False,False
Varun Shenoy,False,True
Deborah Gertrude Digges,False,False
Kai,False,False
Jon Crall,False,True
Artsiom,False,False
Kaushik Lakshmikanth,False,False
Kevin Yap,False,True
Tommy Löfstedt,False,True
Rafael Possas,True,True
ditenberg,False,False
Arthur Douillard,True,False
Karan Desai,False,False
guoci,False,False
Bing Tian Dai,False,False
Aman Dalmia,False,True
David Kirkby,True,True
Ekaterina Krivich,False,False
JC Liu,False,True
jmontoyam,False,False
jeroko,False,False
David Robles,False,True
alexandercbooth,False,False
Matthias Gilch,False,False
James A. Bednar,False,True
Theofilos Papapanagiotou,False,False
pldtc325,False,False
Ang Lu,False,True
Darius Morawiec,False,False
Nitish Pandey,False,True
rashchedrin,False,False
brady salz,False,False
willduan,False,False
Vincent Pham,False,True
Sebastian Pölsterl,False,True
Don86,False,False
xor,False,False
Gary Foreman,False,False
Jonathan LIgo,False,True
Daniel LeJeune,False,False
Katie Luangkote,False,False
John Wei,False,True
(Venkat) Raghav (Rajagopalan),False,False
Stijn Tonk,False,False
mthorrell,False,False
mikebenfield,False,False
Devansh D,False,True
Basil Beirouti,False,False
Peng Yu,False,True
Samson Tan,False,False
campustrampus,False,False
Josh Levy,False,True
Paul Ganssle,False,True
Michael Dezube,False,False
Kenneth Myers,False,True
akshay0724,False,False
Shubham Bhardwaj,True,False
seanpwilliams,False,False
Vlasios Vasileiou,False,True
Aseem Bansal,False,False
Tyler Lanigan,False,False
Asish Mahapatra,False,False
i-am-xhy,False,False
Marc Meketon,False,False
Sachin Agarwal,False,True
Dickson,False,False
dokato,False,False
Victor Poughon,True,False
Vivek Kumar,False,True
Holger Peters,False,False
Tahar,False,False
Isaac Laughlin,False,False
Kat Hempstalk,False,False
MarcoFalke,False,False
Morikko,False,False
josephsalmon,False,False
mathurinm,False,False
mehak-sachdeva,False,False
Nikita Singh,True,True
Almer,False,False
Rameshwar Bhaskaran,False,False
Elizabeth Ferriss,False,True
Tyler Folkman,False,False
Namiya,False,False
Ellen-Co2,False,False
Sarah Brown,False,True
Alison,False,False
Parminder Singh,False,True
Janine Harper,False,False
Peter Wang,False,True
Paweł Lorek,False,True
Hanmin Qin,False,False
David Heryanto,False,False
gedeck,False,False
Michal Baumgartner,False,True
Hadrien Bertrand,False,True
Sid Kapur,False,False
Quentin Hibon,False,False
Bob Baxley,False,True
Tommy Boucher,True,True
guiniol,False,False
Samuël Weber,True,True
martin-hahn,False,False
Lee Murray,False,True
zxcvbnius,False,False
RAKOTOARISON Herilalaina,False,False
NALEPA Emmanuel,False,False
Rebecca Bilbro,False,False
Chayant T15h,False,False
Peter Csizsek,False,False
Vathsala Achar,False,False
andreh7,False,False
Milen Paskov,False,True
Minghui Liu,True,True
Li Li,False,True
Ilya,False,False
AishwaryaRK,False,False
Brian A. Alfano,True,False
Puneet Mathur,False,True
Joris Van den Bossche,False,True
aivision2020,False,False
Manraj Singh,False,True
Lera,False,False
jaroslaw-weber,False,False
1kastner,True,False
Sergul Aydore,False,True
MrMjauh,True,False
Ed Rogers,False,True
Pete Bachant,False,True
Clement Joudet,False,False
Joan Massich,False,True
jbDelafosse,False,False
Yuichi Fujikawa,False,False
Kennedy,False,False
Brett Olsen,False,True
Jörn Hees,False,True
Chinmaya Pancholi,False,False
Romain Brault,False,True
Attractadore,False,False
Chung Yen,True,True
shivamgargsya,False,False
DOHMATOB Elvis,False,True
Remi Rampin,False,True
David DeTomaso,False,False
Albert Thomas,False,True
Paulo Haddad,False,True
Abhyuday Pratap Singh,False,False
Aarshay Jain,False,False
Aman Pratik,False,False
Aurélien Bellet,False,True
mlewis1729,False,False
Christian Danielsen,False,False
David Gasquez,False,True
Jeremy Steward,False,True
ldirer,False,False
jayzed82,False,False
ndingwall,False,False
Aleksandr Sandrovskii,False,False
Nate Guerin,False,False
Antonin Carette,False,False
"(Venkat) Raghav, Rajagopalan",False,False
plagree,False,False
James Bourbeau,False,False
midinas,False,False
Narine Kokhlikyan,False,False
Arthur Imbert,False,False
Adam Kleczewski,False,False
hongkahjun,True,False
Jean Helie,False,True
pravarmahajan,False,False
Balakumaran Manoharan,False,False
Melanie Goetz,False,False
Dmitry Petrov,False,True
Breno Freitas,False,True
Sharan Yalburgi,False,False
Warut Vijitbenjaronk,False,False
Sailesh Choyal,False,False
Fang-Chieh Chou,True,True
filipj8,True,False
Vilhelm von Ehrenheim,False,False
hakaa1,False,False
Julian Kuhlmann,False,True
Sri Krishna,False,True
jschendel,False,False
Luciano Viola,False,False
diegodlh,False,False
Nagarjuna Kumar,False,True
wallygauze,False,False
Rasul Kerimov,True,False
Kumar Ashutosh,False,True
Vadim Markovtsev,False,False
Sebastian Flennerhag,False,False
Ben Lawson,True,True
felix,False,False
Pravar D Mahajan,False,False
Nabarun Pal,False,False
Shahebaz,False,False
pasbi,False,False
Jonatan Samoocha,False,False
Sam Steingold,False,False
wdevazelhes,False,False
Dallas Card,False,False
brett koonce,False,False
Kye Taylor,False,False
Ekaterina Tuzova,False,False
Dmitry Mottl,False,False
Vrishank Bhardwaj,False,False
Christian Hogan,False,False
Bastian Venthur,False,True
Osaid Rehman Nasir,False,False
Charlie Newey,False,False
MarsGuy,False,False
Steven Brown,False,True
oliblum90,False,False
nielsenmarkus11,False,False
Hristo,False,False
goncalo-rodrigues,False,False
kyledrogo,False,False
syonekura,False,False
Aidan Fitzgerald,False,True
Hossein Pourbozorg,False,True
Sachin Kelkar,False,True
Nathaniel Saul,False,True
Kyeongpil Kang,True,False
Sam Radhakrishnan,False,False
Zhenqing Hu,False,False
Tom Augspurger,False,False
Jinkun Wang,False,True
Karl F,False,True
Gaurav Dhingra,False,False
Gustavo De Mari Pereira,False,False
Muayyad Alsadi,False,False
gkevinyen5418,False,False
Mohamed Maskani,False,False
Vinod Kumar L,False,True
Liam Geron,False,False
Patrick Fernandes,False,True
Vinit,False,False
"Nicholas Nadeau, P.Eng., AVS",False,True
dilutedsauce,False,False
Jörg Döpfert,False,True
Christian Braune,False,True
srajan paliwal,False,False
FarahSaeed,False,False
siftikha,False,False
Adam Greenhall,False,False
Andreas Bjerre-Nielsen,False,False
MarkIwanchyshyn,False,False
Patrick Olden,False,True
Nicolas Hug,False,True
Varun Agrawal,False,True
Trevor Stephens,False,True
211217613,False,False
Rajendra arora,False,True
Mabel,False,False
fenx,False,False
frsi,False,False
Thomas,False,False
adelr,False,False
Jeb Bearer,True,False
Eric Chang,True,True
Zé Vinícius,False,True
Alexander Lenail,False,True
Tulio Casagrande,False,False
Will,False,False
Lizao Li,False,True
Viraj Navkal,False,False
Yiming (Paul) Li,False,False
theriley106,False,False
Franz Wompner,False,False
Shalil Awaley,False,False
Eunji,True,False
Camil Staps,False,True
Pinaki Nath Chowdhury,False,False
Julien Chaumond,False,False
Rob,False,False
Mayur Kulkarni,False,False
Alexandre Boucaud,False,False
Jonathan Ohayon,False,False
shenhanc78,False,False
Jiongyan Zhang,False,False
David Pickup,False,True
William de Vazelhes,False,False
Nihar Sheth,False,True
Akash Shivram,False,False
jotasi,False,False
Ayush Gupta,True,True
Barry Hart,False,False
Jamie Cox,False,False
martin-kokos,False,False
Ronan Collobert,False,True
Clement Farabet,False,True
koray kavukcuoglu,False,True
Koray Kavukcuoglu,False,True
Arnaud Chauveur,False,False
Ivo Danihelka,False,True
Soumith Chintala,False,True
Jeff Rose,False,True
JT Bates,False,True
Andreas Fidjeland,False,False
Julien,False,False
Julien Cornebise,False,True
Leon Bottou,False,True
Dan Horgan,False,True
Tim Harley,False,True
Sergio Gomez,False,True
soumith,False,False
Ioannis Antonoglou,False,False
nicholas-leonard,False,False
Hycis,False,False
Tudor Bosman,False,False
Dominik Grewe,False,True
Sergey Zagoruyko,False,True
Georg Ostrovski,False,True
Jonathan Tompson,False,True
Santa Zhang,False,True
Yori Zwols,False,False
Xiangyan Sun,False,False
Adam Lerer,False,True
Sam Gross,False,True
ztaylor,False,False
Martin Simonovsky,False,False
diz_vara,False,False
Paul Kulchenko,False,False
fsuzanomassa,False,False
samehkhamis,False,False
Massimo Bernava,False,False
marris,False,False
Owen Yamauchi,False,False
j-wilson,False,False
Hugh Perkins,False,True
Jeff Johnson,False,True
Alban Desmaison,False,True
Allan Jabri,False,True
Adria Puigdomenech,False,True
Anastasius,False,False
Adam Paszke,False,True
Nathan Luehr,False,False
Jack Rae,False,False
Jacob Menick,False,False
Marko Vitez,False,False
Simon Layton,False,False
Alvin Chua,False,True
Kaiyu Yang,False,True
Andreas Köpf,False,False
Katya Gonina,False,False
Francisco Massa,False,True
Sylvain Jeaugey,False,False
Mevlana Gemici,False,True
Kieran Milan,False,False
ivpopov,False,False
Thomas Köppe,False,False
Frederic Besse,False,False
Will Feng,True,True
Zeming Lin,False,True
Nimalan Mahendran,False,True
Joost van Doorn,False,True
Aiden Nibali,False,False
Alfredo Canziani,False,True
Brandon Amos,True,True
nkoumchatzky,False,False
nick,False,False
David Saxton,False,True
liboyue,False,False
Xianjie Chen,False,True
Pau Farré,False,False
Luke Alonso,False,False
Zhen He,False,True
carwin,False,False
Lukas Cavigelli,False,True
albanD,True,False
Hani Altwaijry,False,True
tpltnt,False,False
lake4790k,False,False
Verdi March,False,True
Eric Cosatto,False,True
kmul00,False,False
PraveerSINGH,False,False
Pauline Luc,False,True
Zhou Mo,False,True
Cliff Woolley,False,False
Gregory Chanan,False,False
David Yamnitsky,False,False
Lumin Zhou,False,False
Rui Guo,False,True
BTNC,False,False
Ricardo Barreira,False,False
Trevor Killeen,False,False
Howard Su,False,False
Luca Antiga,False,True
Dinesh Bolkensteyn,False,False
Nicolas Vasilache,False,True
Sergey Kotsur,False,False
gchanan,False,False
Denis Yarats,False,True
"Kyle Fernandes, ne Jacobs",True,False
Marat Dukhan,False,False
Peter Jin,False,True
jekbradbury,False,False
Joost van Amersfoort,False,True
Vladimir S. FONOV,False,True
Kai Arulkumaran,False,True
Pavan Yalamanchili,False,True
Gao Yingkai,False,False
atkayu,False,False
Alykhan Tejani,False,True
Andrew Robbins,False,True
Timothy Emerick,False,True
ngimel,False,False
Natalia Gimelshein,False,False
Ruotian Luo,True,True
glample,True,False
Yunfeng Wang,False,False
Ronny,False,False
Li Dong,False,True
Angela Fan,False,False
Sandeep Subramanian,False,True
Jean Senellart,False,True
Sheng Zhang,False,True
Jean A. Senellart,False,False
Tom,False,False
Edouard Delasalles,False,False
Bobby De Simone,False,True
Will Frey,False,True
Hardik Goel,False,False
Filip Binkiewicz,False,False
Janusz Marcinkiewicz,False,False
Mateusz Piotrowski,False,False
L. Zhou,False,True
tvn,False,False
jeremy,False,False
zhoumingjun,False,False
Adam McCarthy,False,True
Chad Whipkey,False,False
Bryan Marcus McCann,False,False
Pieter Noordhuis,False,False
zhtvk,False,False
Conrado Miranda,False,True
Yangqing Jia,False,True
Andrew Dye,False,False
Harsh Agrawal,False,True
Zhou Chang,False,True
Joo-Kyung Kim,False,True
Eli Stevens,False,False
bdfhjk,False,False
Petr Lapukhov,False,False
Nicholas Léonard,False,True
Christian Sarofeen,False,False
Nitish Shirish Keskar,False,True
yunjey,False,False
Guillaume Sautière,False,False
Edgar Riba,False,True
陈云,False,False
rguthrie3,False,False
jokeren,False,False
Ofir Press,False,True
Shiva,False,False
felixgwu,False,False
Guillaume Klein,False,True
Martin Raison,False,False
Yiran Mao,False,False
Du Phan,False,True
Alexis David Jacq,False,False
Arkadiusz Nowaczyński,False,False
Low Kian Seong,False,False
Nicolas Despres,False,False
Dmitry Ulyanov,False,True
Gu Wang,False,True
Adam Henryk Paszke,False,False
Jonathan Tremblay,False,True
Shenxiu Liu,False,False
Ilya Biryukov,False,False
Yugnaynehc,False,False
Kentaro Wada,False,True
Fisher Yu,False,True
Hardik,False,False
chenyuntc,False,False
Zico Kolter,True,True
Rodrigo Castro,False,True
Xingdong Zuo,False,True
Ahmed Taei,False,True
Michael Galkov,False,False
Jason Kuen,False,True
Rudy Bunel,False,True
Aalekh Jain,False,False
Lukasz Wesolowski,False,True
Tudor Berariu,False,True
Nick Hynes,True,False
Andrii Grynenko,False,False
Jin-Hwa Kim,False,True
Thomas Riccardi,False,True
Pedro Porto Buarque de Gusmao,False,True
Vincenzo Ferrari,False,True
Quan Vuong,True,True
Evan Klitzke,False,False
Michael Shao,False,False
Edward Z. Yang,True,True
DigiDigi,False,False
Victor Quach,False,False
Shubham Jain,False,True
BenFielding,False,False
Oisin Mac Aodha,True,True
Uridah Sami Ahmed,True,False
Bruno Rosa,False,True
Tejas Khot,False,True
Bart Olsthoorn,False,False
Naim Kabir,False,False
Ankit Vani,False,True
GBLin5566,True,False
Abhishek Kadian,False,False
Marvin CAO,False,False
Romain Cledat,False,False
ethanluoyc,False,False
Wojciech Jaśkowski,False,True
Matt Dering,False,True
Riddhiman Dasgupta,False,True
stooloveu,False,False
Xinwei Geng,False,False
Marvin Cao,False,False
Ronny Restrepo,False,False
Thomas Viehmann,False,False
Sean Naren,False,False
Chetan Khatri,False,True
Isac Arnekvist,False,False
Ruxin Wang,False,True
Cosmo Stérin,False,False
ningqingqun,False,False
Jiaming Liu,False,True
Liang Shuailong,False,False
Bubble,False,False
Alexey Romanenko,False,True
Makarand Tapaswi,False,True
Yan Wang,False,True
Robert DiPietro,False,True
martinarjovsky,False,False
Samuel,False,False
Leonid Vlasenkov,False,False
Anton Osokin,False,True
Andrew Gallagher,False,True
Zach DeVito,False,False
LiZhaoxing,False,False
cph,False,False
Simone Cirillo,False,True
moskomule,False,False
Ethan Luo,False,False
Tzu-Wei Huang,False,True
SunYeop Lee,False,False
Bruno Alexandre Rosa,False,True
lynic,False,False
Jonas Gehring,False,True
Zachary DeVito,False,False
Naren Dasan,False,False
Hungryof,False,False
Amartya Sanyal,False,True
Pan He,False,True
Aapo Kyrola,False,True
Yedidya Feldblum,False,False
Surag Nair,False,True
greaber,False,False
Gavin,False,False
Michael Pound,True,True
Victor Gao,False,False
Kaiyu Shi,False,False
Yawara ISHIDA,False,True
adampolyak,False,False
Mo Zhou,False,True
Robert Kirby,False,True
Benoit Rostykus,False,False
Ailing,False,False
LuoweiZhou,True,False
Allen Ye,False,True
Adam Fisch,False,True
yogi81,False,False
John Pearson,False,True
rluo,True,False
peterjc123,False,False
Lu Fang,False,True
Justin Johnson,False,True
Gabriel Bianconi,False,False
Aziz Alto,False,False
hongyi-zhang,False,False
Ryuichi Yamamoto,False,True
lichen,False,False
Iacopo Poli,False,True
Sang-gil Lee,False,True
Priya Goyal,False,True
nadavbh12,False,False
Peter Ruch,False,True
Brett Koonce,False,False
Adrian Punga,False,False
Kazuma Hashimoto,True,True
David Pollack,False,True
Richard Zou,False,True
houseroad,False,False
Emanuel Jöbstl,False,True
randxie,False,False
IraKorshunova,False,False
peter,False,False
Teng Li,False,True
Junjie Bai,False,True
Sylvan Zheng,False,False
SsnL,False,False
Micael Carvalho,False,True
Lorenzo Porzi,False,True
Mark Neumann,True,False
jcatana,False,False
Ujjwal,False,False
Sergey Kolesnikov,False,True
bddppq,False,False
Marcin Elantkowski,False,False
David Mascharka,False,True
Tongzhou Wang,False,True
Mike Garmulewicz,False,False
Dirk Weissenborn,False,True
Alexander Miller,False,True
James Reed,False,True
zhaopeng,False,False
Darren Garvey,False,False
Maxim Berman,False,False
John Chiotellis,False,False
Nintorac,False,False
Adam Cécile,False,False
Geoffrey Roeder,True,True
Ace,False,False
Frank Cash,True,False
Daniil Pakhomov,False,True
Dhanton,False,False
avmgithub,False,False
Victoria X Lin,True,True
Jaemin Cho,False,True
Vladislav Zavadskyy,False,False
josecabjim,False,False
Dmytro Dzhulgakov,False,False
anderspapitto,False,False
Philipp Lang,False,True
folz,False,False
Fritz Obermeyer,False,True
Simeon Monov,False,False
Scott Stevenson,False,True
PE Mazaré,False,False
xuy111,False,False
theFool,False,False
Tristan Zajonc,False,False
Iaroslav Shcherbatyi,False,True
Gregory Johnson,False,True
alcinos,False,False
Konstantin Lopuhin,False,True
Neeraj Pradhan,False,False
lizz,False,False
Alican Bozkurt,False,True
sunaaron,False,False
Jorghi12,True,False
Shuntaro Takahashi,False,True
Maciej Kula,False,True
yongjik,False,False
Kevin Zakka,False,
Sherin Thomas,False,
albanie,True,
Vishwak Srinivasan,True,
Atabak Dehban,False,
William Falcon,True,
Kam Leung,False,
Peter Goldsborough,False,
Zhi-Qiang Zhou,False,
"HE, Tao",False,
Yongjik Kim,False,
ptrblck,False,
James Bradbury,False,
Justus Schwabedal,False,
nguyen-binh-minh,False,
Siddharth Mittal,False,
Shagun Sodhani,False,
Lynn,False,
Rachit Singh,False,
li-roy,True,
